user_id,role,signup_ts,state,college_tier,skills
U_0001,STUDENT,2026-04-10T06:52:59-08:00,Delhi,1,tableau|spark
U_0002,STUDENT,2026-04-07T15:45:51+05:30,Delhi,3,python|kafka|gcp|pyspark|delta|pandas
U_0003,STUDENT,2025-05-17T09:32:02+05:30,Tamil Nadu,3,numpy|iceberg|hadoop|pyspark|aws
U_0004,STUDENT,2026-03-14T23:32:46+00:00,Gujarat,3,sql|azure|pyspark|snowflake
U_0005,STUDENT,2025-09-17T14:36:31+00:00,Rajasthan,2,kafka|spark|sql|numpy|pyspark|aws
U_0006,STUDENT,2026-03-20T00:17:06+05:30,West Bengal,2,scala|airflow|tableau|snowflake|pyspark
U_0007,STUDENT,2025-07-21T10:33:39-08:00,Rajasthan,3,tableau|delta|airflow
U_0008,STUDENT,2026-01-05T03:54:15-08:00,Delhi,3,sql|delta|tableau|aws
U_0009,STUDENT,2026-01-06T00:28:27+05:30,Rajasthan,3,kafka|dbt|aws|azure
U_0010,INSTITUTION,2025-10-23T19:11:27+05:30,Delhi,,tableau|iceberg|gcp|azure|pandas|kafka
U_0011,STUDENT,2026-02-25T06:39:17-08:00,Maharashtra,1,airflow|gcp|spark
U_0012,STUDENT,2025-08-31T13:55:03+00:00,Punjab,1,tableau|iceberg
U_0013,HR,2025-12-08T21:20:06+05:30,Tamil Nadu,,python|iceberg|airflow|snowflake|sql
U_0014,ORG,2025-12-25T02:17:35-08:00,Delhi,,scala|airflow|python
U_0015,STUDENT,2025-10-12T05:51:53+05:30,Gujarat,2,sql|delta|spark
U_0016,STUDENT,2025-10-13T06:14:27+05:30,Punjab,1,dbt|airflow|iceberg
U_0017,STUDENT,2025-08-27T10:08:06+00:00,Punjab,3,pandas|aws|scala
U_0018,STUDENT,2025-09-30T23:50:37+00:00,Delhi,1,python|delta|snowflake|tableau
U_0019,STUDENT,2025-08-17T21:41:39+05:30,Maharashtra,2,snowflake|delta
U_0020,STUDENT,2025-10-13T11:36:33+05:30,Rajasthan,3,delta|dbt|gcp|pyspark|sql
U_0021,STUDENT,2025-11-03T14:18:43+00:00,Kerala,3,pyspark|sql
U_0022,STUDENT,2025-12-09T05:28:14+05:30,Delhi,3,hadoop|gcp|airflow|tableau|delta
U_0023,STUDENT,2025-04-26T10:32:28+05:30,Punjab,1,tableau|python
U_0024,INSTITUTION,2025-04-25T05:38:03+05:30,Kerala,,kafka|aws|sql|spark|tableau
U_0025,STUDENT,2025-11-19T09:00:20+00:00,Kerala,2,tableau|dbt|hadoop|pyspark|snowflake
U_0026,STUDENT,2026-03-28T06:53:47-08:00,Maharashtra,3,sql|tableau|dbt|iceberg
U_0027,INSTITUTION,2025-09-25T17:32:45+05:30,Punjab,,airflow|spark
U_0028,STUDENT,2025-07-31T18:33:47+05:30,Rajasthan,1,sql|spark|gcp|numpy|pandas|dbt
U_0029,STUDENT,2025-04-21T23:54:23+00:00,Gujarat,1,aws|hadoop|pandas|delta
U_0030,STUDENT,2025-07-02T00:06:55+05:30,,3,pyspark|spark|kafka|iceberg|hadoop|snowflake
U_0031,INSTITUTION,2025-05-12T21:45:03+05:30,Gujarat,,airflow|azure|pandas|dbt
U_0032,INSTITUTION,2025-06-10T13:17:00-08:00,Punjab,,pyspark|hadoop|iceberg|sql
U_0033,ORG,2025-07-05T16:10:30-08:00,Telangana,,kafka|numpy|tableau|snowflake|azure|hadoop
U_0034,STUDENT,2026-01-12T11:22:50+05:30,West Bengal,2,python|numpy
U_0035,HR,2025-08-15T13:40:23+00:00,Kerala,,gcp|python|pyspark|sql|scala|spark
U_0036,STUDENT,2025-05-30T21:00:39+00:00,Tamil Nadu,2,sql|pandas|scala
U_0037,ORG,2025-06-14T19:36:09+05:30,Delhi,,pyspark|scala|gcp
U_0038,INSTITUTION,2025-07-02T22:21:45+05:30,Delhi,,airflow|gcp|python
U_0039,STUDENT,2025-04-25T23:09:14+00:00,West Bengal,3,iceberg|airflow|pyspark
U_0040,STUDENT,2026-04-04T23:03:38+00:00,Kerala,2,delta|tableau|python|numpy
U_0041,STUDENT,2025-12-13T12:22:37+00:00,Telangana,2,aws|numpy|python|sql|hadoop|spark
U_0042,STUDENT,2026-01-06T21:40:27+05:30,West Bengal,2,gcp|snowflake|pyspark|kafka
U_0043,ORG,2026-02-05T04:20:15+00:00,West Bengal,,snowflake|kafka
U_0044,STUDENT,2026-03-23T19:47:49-08:00,Rajasthan,2,pandas|snowflake
U_0045,STUDENT,2025-11-12T09:30:08+00:00,Telangana,3,kafka|gcp|aws
U_0046,STUDENT,2025-05-04T09:14:33+05:30,Telangana,2,python|pandas|snowflake|pyspark|kafka|aws
U_0047,STUDENT,2025-08-08T17:42:05+00:00,Kerala,3,snowflake|dbt|airflow
U_0048,STUDENT,2025-12-30T18:55:09-08:00,Rajasthan,2,delta|pandas
U_0049,STUDENT,2026-02-01T15:58:29+05:30,,1,spark|azure|gcp|snowflake|numpy
U_0050,STUDENT,2025-07-15T00:31:51-08:00,West Bengal,1,python|pyspark|gcp
U_0051,STUDENT,2025-06-11T17:09:11-08:00,Maharashtra,3,pyspark|azure|hadoop
U_0052,HR,2025-08-03T17:43:29-08:00,Rajasthan,,azure|snowflake|gcp|dbt
U_0053,INSTITUTION,2025-10-28T19:47:03+05:30,Kerala,,iceberg|delta|tableau|aws|azure
U_0054,STUDENT,2025-08-19T14:16:53+05:30,Karnataka,3,delta|iceberg|numpy|airflow
U_0055,ORG,2026-03-19T16:57:43+05:30,West Bengal,,kafka|spark|gcp
U_0056,STUDENT,2025-09-21T06:29:52+00:00,Delhi,2,python|aws|dbt|tableau|airflow
U_0057,STUDENT,2025-11-19T13:03:40+00:00,Punjab,3,dbt|delta|iceberg
U_0058,STUDENT,2026-04-08T17:28:09+00:00,West Bengal,3,azure|hadoop|python
U_0059,INSTITUTION,2025-09-02T03:09:35-08:00,Karnataka,,hadoop|azure|airflow|python|tableau
U_0060,STUDENT,2026-01-27T19:11:00+00:00,West Bengal,2,iceberg|spark|dbt|python|scala
U_0061,STUDENT,2025-12-05T02:08:00+05:30,Maharashtra,1,kafka|python|hadoop
U_0062,STUDENT,2025-10-18T02:05:28-08:00,Delhi,2,scala|airflow|pyspark|aws
U_0063,HR,2025-12-20T04:54:26+05:30,Telangana,,aws|tableau|kafka|sql|pandas|scala
U_0064,HR,2026-01-15T16:28:47+05:30,Telangana,,pyspark|sql|scala|iceberg|kafka|numpy
U_0065,STUDENT,2025-10-05T12:06:14-08:00,West Bengal,2,gcp|scala
U_0066,STUDENT,2025-06-02T03:53:17+00:00,West Bengal,1,iceberg|dbt|azure|kafka|gcp|scala
U_0067,STUDENT,2025-12-15T19:54:13+05:30,Karnataka,2,delta|azure|aws|airflow|python
U_0068,STUDENT,2025-12-14T18:38:55+05:30,Gujarat,2,iceberg|tableau|python|snowflake
U_0069,INSTITUTION,2026-03-17T18:01:46+05:30,Kerala,,delta|dbt|snowflake|tableau|aws|python
U_0070,STUDENT,2026-01-23T22:34:19+00:00,Telangana,3,scala|dbt|tableau|kafka|snowflake|iceberg
U_0071,STUDENT,2025-07-21T00:55:02+00:00,Telangana,1,kafka|numpy
U_0072,STUDENT,2025-09-23T21:23:10-08:00,Delhi,3,iceberg|snowflake|pandas|sql|gcp
U_0073,STUDENT,2026-01-21T15:42:12+00:00,Maharashtra,3,hadoop|iceberg|sql|python|snowflake|tableau
U_0074,STUDENT,2026-03-01T22:59:24-08:00,Kerala,1,pandas|dbt
U_0075,STUDENT,2025-12-08T16:23:26+05:30,Telangana,2,spark|aws
U_0076,STUDENT,2025-09-07T21:46:23-08:00,Tamil Nadu,1,pandas|spark|delta|sql|iceberg|aws
U_0077,STUDENT,2025-08-31T11:41:43-08:00,Punjab,2,azure|pandas|gcp|hadoop|snowflake
U_0078,STUDENT,2025-08-26T05:49:42-08:00,Delhi,3,iceberg|spark|airflow
U_0079,STUDENT,2025-09-17T15:03:34+05:30,West Bengal,2,dbt|pandas|sql|pyspark|hadoop|scala
U_0080,STUDENT,2025-05-21T03:53:05+00:00,Delhi,2,kafka|gcp|pyspark|iceberg|dbt|numpy
U_0081,STUDENT,2026-01-06T20:07:34+05:30,Tamil Nadu,2,pandas|azure|pyspark|delta|scala|hadoop
U_0082,STUDENT,2026-01-04T06:28:54-08:00,Kerala,1,sql|gcp|numpy|pandas|hadoop|python
U_0083,STUDENT,2025-08-01T03:05:02-08:00,Maharashtra,3,sql|airflow|dbt|iceberg
U_0084,STUDENT,2025-04-29T05:34:58+00:00,Rajasthan,2,spark|dbt|scala|kafka|airflow
U_0085,STUDENT,2026-03-10T09:03:31+05:30,Kerala,2,tableau|sql|azure|snowflake|airflow
U_0086,STUDENT,2026-03-05T23:31:57+00:00,Maharashtra,3,azure|gcp|sql|pyspark|iceberg|airflow
U_0087,STUDENT,2025-10-08T09:42:28-08:00,Maharashtra,1,tableau|hadoop|pandas|delta
U_0088,ORG,2025-10-13T18:09:31+05:30,,,delta|airflow|pandas|iceberg|python|azure
U_0089,STUDENT,2026-01-22T17:38:18+05:30,Karnataka,3,dbt|pandas|iceberg
U_0090,STUDENT,2025-10-14T14:46:41+00:00,Punjab,1,kafka|snowflake|hadoop|gcp|sql
U_0091,STUDENT,2025-06-17T04:36:32+00:00,Punjab,2,pandas|tableau
U_0092,HR,2025-09-06T18:43:21-08:00,Tamil Nadu,,tableau|dbt|scala|airflow|iceberg
U_0093,HR,2025-11-24T12:08:51+00:00,Delhi,,aws|delta|gcp
U_0094,STUDENT,2025-07-04T18:50:42+00:00,West Bengal,2,dbt|sql|hadoop
U_0095,STUDENT,2025-09-02T19:07:11+00:00,Kerala,1,azure|python|hadoop|kafka|gcp|numpy
U_0096,INSTITUTION,2026-03-21T22:33:01+00:00,Telangana,,aws|spark|numpy|gcp
U_0097,STUDENT,2025-09-24T18:16:47+00:00,Kerala,3,spark|delta
U_0098,STUDENT,2025-04-27T08:19:08+00:00,Karnataka,2,pyspark|azure
U_0099,STUDENT,2025-12-24T16:46:26+05:30,Maharashtra,2,scala|gcp|hadoop|pyspark
U_0100,STUDENT,2025-09-12T05:10:06-08:00,Tamil Nadu,1,aws|delta
U_0101,STUDENT,2025-09-05T12:34:54+05:30,Telangana,2,python|azure|pandas|numpy
U_0102,STUDENT,2026-03-22T07:33:26+00:00,Rajasthan,2,iceberg|azure|pandas|pyspark|kafka
U_0103,ORG,2026-03-09T13:55:11+05:30,Gujarat,,pandas|tableau|python|gcp|numpy|kafka
U_0104,STUDENT,2025-09-12T05:09:34-08:00,Maharashtra,3,pandas|delta|scala|pyspark|numpy
U_0105,STUDENT,2026-01-12T15:59:21-08:00,Tamil Nadu,3,sql|pandas
U_0106,HR,2026-04-07T01:01:13-08:00,Tamil Nadu,,pandas|numpy
U_0107,MENTOR,2026-02-10T18:54:58+05:30,Punjab,,snowflake|tableau|iceberg|gcp
U_0108,STUDENT,2025-04-30T00:26:47+00:00,Telangana,3,pyspark|azure|spark|dbt
U_0109,HR,2026-01-22T09:07:08-08:00,West Bengal,,scala|spark|aws|python|hadoop|iceberg
U_0110,STUDENT,2025-11-27T20:31:58-08:00,Telangana,3,scala|pyspark|delta|dbt|python
U_0111,STUDENT,2025-09-13T23:18:15+00:00,Delhi,3,azure|pandas
U_0112,STUDENT,2026-03-05T16:30:06+05:30,Maharashtra,2,pyspark|tableau|delta|azure|iceberg
U_0113,STUDENT,2025-10-25T19:44:02+00:00,Punjab,2,hadoop|gcp|pyspark|snowflake|delta|pandas
U_0114,STUDENT,2026-01-01T08:37:59+05:30,Delhi,2,delta|scala|pyspark|numpy|airflow
U_0115,STUDENT,2025-08-12T13:46:43+00:00,Telangana,1,azure|spark
U_0116,STUDENT,2025-08-13T18:52:52-08:00,Maharashtra,1,delta|hadoop|kafka|sql
U_0117,HR,2025-09-16T18:24:33+05:30,Delhi,,hadoop|python|iceberg|gcp
U_0118,INSTITUTION,2026-02-28T12:23:08-08:00,Tamil Nadu,,python|hadoop
U_0119,STUDENT,2025-06-17T04:48:34+05:30,Maharashtra,1,sql|hadoop|gcp|iceberg
U_0120,STUDENT,2026-03-26T07:35:47+00:00,Gujarat,3,pyspark|azure|delta|pandas|python|scala
U_0121,HR,2025-05-18T07:09:09-08:00,Kerala,,sql|dbt
U_0122,HR,2025-11-05T10:50:31-08:00,Kerala,,spark|numpy
U_0123,STUDENT,2026-03-25T11:47:50+05:30,Rajasthan,3,aws|snowflake|pandas|delta
U_0124,STUDENT,2025-11-03T22:15:06+05:30,Karnataka,3,kafka|gcp|azure|dbt|pyspark|tableau
U_0125,STUDENT,2025-10-25T21:05:02+00:00,Karnataka,2,numpy|iceberg|scala|spark|tableau
U_0126,INSTITUTION,2026-03-24T22:16:20+05:30,Karnataka,,pyspark|scala|hadoop|iceberg|python
U_0127,STUDENT,2025-09-13T21:38:07-08:00,Karnataka,2,gcp|sql|pandas|dbt
U_0128,STUDENT,2026-03-10T18:22:22-08:00,Tamil Nadu,3,delta|pyspark|scala|gcp|iceberg
U_0129,STUDENT,2025-06-27T20:00:02+00:00,West Bengal,3,tableau|python|iceberg|snowflake|spark|hadoop
U_0130,MENTOR,2025-12-21T00:03:15+00:00,Tamil Nadu,,aws|spark|hadoop
U_0131,MENTOR,2026-04-08T02:15:19+05:30,Delhi,,gcp|azure|numpy|spark|airflow
U_0132,STUDENT,2025-12-15T00:31:57-08:00,Maharashtra,1,sql|spark|iceberg
U_0133,STUDENT,2025-11-06T07:53:46+00:00,West Bengal,2,snowflake|pyspark|scala
U_0134,STUDENT,2025-12-30T23:57:06-08:00,Kerala,3,sql|delta|aws|pandas
U_0135,STUDENT,2026-01-30T14:38:19+00:00,Tamil Nadu,2,numpy|pyspark|python|delta
U_0136,MENTOR,2026-02-10T18:24:21+05:30,Delhi,,tableau|scala|spark|kafka|gcp|snowflake
U_0137,STUDENT,2026-04-12T17:18:59+00:00,Gujarat,3,aws|gcp|pandas|sql|kafka
U_0138,STUDENT,2025-12-14T20:56:29+05:30,Rajasthan,2,spark|gcp|pyspark|dbt
U_0139,STUDENT,2025-11-15T11:32:14-08:00,Telangana,3,delta|numpy|airflow|sql
U_0140,STUDENT,2026-03-06T17:11:41-08:00,Gujarat,2,delta|pyspark|hadoop
U_0141,STUDENT,2026-02-11T14:52:19-08:00,Karnataka,1,azure|tableau|numpy|gcp|dbt
U_0142,STUDENT,2025-10-31T05:06:49+05:30,Telangana,2,sql|scala|spark|hadoop|delta|gcp
U_0143,STUDENT,2025-11-27T19:07:00+00:00,Karnataka,3,snowflake|aws|azure|pandas|iceberg|tableau
U_0144,MENTOR,2026-04-04T01:38:27+00:00,Rajasthan,,numpy|dbt|hadoop
U_0145,INSTITUTION,2025-10-27T00:49:13+05:30,Gujarat,,snowflake|airflow
U_0146,STUDENT,2025-07-19T04:29:16+00:00,Punjab,3,airflow|scala|snowflake|azure|hadoop|kafka
U_0147,STUDENT,2025-12-09T14:11:23-08:00,Gujarat,1,pyspark|aws|pandas|hadoop
U_0148,MENTOR,2025-08-08T00:22:46-08:00,Gujarat,,hadoop|scala
U_0149,STUDENT,2025-08-08T05:07:37-08:00,Tamil Nadu,3,pandas|aws
U_0150,STUDENT,2025-12-13T10:22:36+05:30,Punjab,1,snowflake|scala|python|airflow|hadoop
U_0151,STUDENT,2026-01-26T19:34:47+00:00,Kerala,1,hadoop|tableau|spark
U_0152,STUDENT,2025-06-17T22:11:16+05:30,Punjab,3,sql|numpy|hadoop|pandas|kafka|spark
U_0153,STUDENT,2025-06-01T03:18:09-08:00,Tamil Nadu,3,sql|gcp|scala|numpy|dbt
U_0154,STUDENT,2025-10-29T11:46:05-08:00,Kerala,1,delta|pandas|dbt|azure|gcp|pyspark
U_0155,STUDENT,2025-09-10T11:18:22+00:00,Telangana,2,snowflake|gcp|airflow|tableau|pyspark|aws
U_0156,STUDENT,2025-05-15T23:01:57+00:00,Kerala,2,pyspark|snowflake|tableau|hadoop|sql|aws
U_0157,STUDENT,2025-10-27T12:02:29-08:00,West Bengal,1,azure|scala|python
U_0158,STUDENT,2025-11-17T00:46:53-08:00,West Bengal,1,delta|python|numpy|azure
U_0159,STUDENT,2025-07-16T10:28:25-08:00,Tamil Nadu,1,pandas|dbt
U_0160,STUDENT,2026-02-25T02:21:31-08:00,Rajasthan,1,python|iceberg
U_0161,STUDENT,2026-02-20T22:22:35-08:00,Rajasthan,3,pyspark|pandas|delta|hadoop|sql
U_0162,STUDENT,2025-11-07T22:56:33-08:00,Kerala,1,dbt|python
U_0163,STUDENT,2025-09-08T16:10:10+05:30,Telangana,2,scala|delta
U_0164,STUDENT,2026-02-06T06:06:29-08:00,Punjab,2,snowflake|tableau
U_0165,HR,2025-10-04T20:36:53-08:00,,,sql|aws|scala|hadoop|dbt
U_0166,STUDENT,2025-06-17T18:27:39+05:30,Karnataka,3,hadoop|sql|scala|iceberg
U_0167,STUDENT,2025-08-13T08:42:39+05:30,Kerala,3,airflow|hadoop|spark|scala|aws
U_0168,INSTITUTION,2026-04-05T15:17:10+00:00,Delhi,,numpy|pandas
U_0169,STUDENT,2025-06-07T07:51:53-08:00,Maharashtra,3,pandas|scala|sql
U_0170,ORG,2025-12-12T02:14:16+00:00,Gujarat,,aws|azure|tableau|airflow|spark
U_0171,STUDENT,2025-10-08T18:44:46+00:00,Punjab,2,gcp|spark
U_0172,STUDENT,2025-06-04T15:13:26+05:30,Gujarat,1,numpy|pandas
U_0173,STUDENT,2025-08-28T23:09:34-08:00,Kerala,2,sql|scala|gcp|hadoop|numpy
U_0174,INSTITUTION,2026-03-28T17:23:03+05:30,West Bengal,,snowflake|airflow|python|spark
U_0175,HR,2025-07-30T15:45:14+00:00,Karnataka,,scala|tableau|aws
U_0176,INSTITUTION,2026-04-07T10:08:49-08:00,Kerala,,scala|azure|spark|pandas
U_0177,STUDENT,2025-11-28T11:46:43+00:00,Telangana,1,python|airflow
U_0178,STUDENT,2025-11-20T17:00:59-08:00,Telangana,3,kafka|pandas|dbt|pyspark|sql
U_0179,STUDENT,2026-03-22T05:47:06+00:00,Kerala,1,scala|spark|pandas|azure
U_0180,STUDENT,2026-02-17T19:56:41-08:00,Tamil Nadu,2,delta|pyspark|kafka|aws|spark|snowflake
U_0181,HR,2026-04-09T19:00:55+00:00,Gujarat,,tableau|hadoop|spark|sql|snowflake
U_0182,STUDENT,2025-07-15T13:41:41-08:00,West Bengal,2,spark|hadoop|numpy|dbt|sql|delta
U_0183,STUDENT,2025-10-01T01:51:19+00:00,Punjab,3,airflow|hadoop|gcp|iceberg|dbt|python
U_0184,HR,2025-09-30T18:56:18+05:30,Tamil Nadu,,delta|scala|pandas|gcp
U_0185,STUDENT,2026-02-02T18:20:01-08:00,Telangana,1,tableau|spark|airflow|pandas
U_0186,INSTITUTION,2026-02-19T02:48:19+05:30,Rajasthan,,sql|python|spark|snowflake
U_0187,INSTITUTION,2025-06-24T13:33:03-08:00,Delhi,,gcp|python|dbt|azure|numpy|iceberg
U_0188,STUDENT,2025-12-23T16:16:44+00:00,West Bengal,2,spark|sql|airflow|delta|kafka
U_0189,STUDENT,2026-01-30T18:22:04+00:00,Gujarat,3,scala|aws|hadoop|snowflake
U_0190,STUDENT,2025-09-13T21:01:53+05:30,Kerala,1,azure|delta|hadoop|sql
U_0191,STUDENT,2025-11-21T19:27:51-08:00,Tamil Nadu,2,numpy|kafka|airflow|delta|iceberg|azure
U_0192,STUDENT,2025-12-21T04:11:40+00:00,,2,azure|delta|kafka|pandas|airflow|python
U_0193,STUDENT,2025-10-09T19:15:07-08:00,Kerala,2,python|pyspark|gcp|spark|hadoop|scala
U_0194,STUDENT,2025-11-14T09:23:59+00:00,Maharashtra,3,kafka|scala|pandas|sql|tableau|iceberg
U_0195,STUDENT,2025-09-18T10:57:38+00:00,Rajasthan,3,pyspark|hadoop|tableau|kafka|airflow|aws
U_0196,INSTITUTION,2025-09-15T08:37:50+00:00,Delhi,,snowflake|aws|sql|python|azure|spark
U_0197,MENTOR,2025-06-11T18:29:43+00:00,Tamil Nadu,,snowflake|hadoop|numpy|azure|pandas|airflow
U_0198,STUDENT,2025-08-23T13:47:57-08:00,Rajasthan,2,snowflake|dbt|pandas|delta|gcp|python
U_0199,STUDENT,2025-08-01T07:40:10+05:30,Rajasthan,2,dbt|iceberg
U_0200,INSTITUTION,2025-06-19T22:48:22-08:00,Maharashtra,,dbt|airflow|aws|spark|gcp|numpy
U_0201,STUDENT,2025-09-09T15:15:30-08:00,Maharashtra,2,gcp|hadoop|tableau|scala
U_0202,STUDENT,2025-10-07T02:42:12-08:00,Maharashtra,3,snowflake|kafka|numpy
U_0203,INSTITUTION,2025-10-16T05:15:34-08:00,Tamil Nadu,,tableau|numpy|scala|snowflake|aws
U_0204,ORG,2025-07-29T14:59:19-08:00,Telangana,,dbt|kafka|delta|hadoop|iceberg|azure
U_0205,STUDENT,2025-12-25T10:01:53+00:00,Kerala,2,scala|iceberg|pandas|sql|dbt
U_0206,STUDENT,2025-11-23T12:59:38+00:00,Tamil Nadu,2,pandas|spark
U_0207,STUDENT,2025-10-30T04:45:21-08:00,Kerala,1,tableau|iceberg|snowflake
U_0208,STUDENT,2025-08-23T21:28:27-08:00,Delhi,1,delta|tableau|sql|dbt|kafka|airflow
U_0209,MENTOR,2026-03-11T22:51:13-08:00,Maharashtra,,airflow|gcp|dbt|delta|numpy|pyspark
U_0210,HR,2025-12-29T10:40:56+00:00,Maharashtra,,delta|sql
U_0211,INSTITUTION,2026-02-11T00:16:41+00:00,Tamil Nadu,,aws|dbt
U_0212,STUDENT,2025-07-03T02:47:04+00:00,Maharashtra,2,pyspark|numpy|pandas|delta|snowflake|iceberg
U_0213,STUDENT,2025-05-09T15:29:48+05:30,Kerala,2,pyspark|numpy|airflow
U_0214,MENTOR,2025-08-11T05:32:34+00:00,Maharashtra,,pandas|kafka|airflow|tableau
U_0215,ORG,2025-05-06T14:57:20+00:00,Punjab,,spark|aws|pyspark|tableau
U_0216,INSTITUTION,2025-10-16T13:48:19+00:00,Maharashtra,,aws|delta|azure|tableau
U_0217,STUDENT,2025-12-12T23:40:11+00:00,Rajasthan,1,scala|delta|sql|numpy
U_0218,STUDENT,2025-12-21T20:21:28+05:30,Punjab,3,pyspark|pandas|scala|snowflake
U_0219,STUDENT,2026-02-27T03:02:56+00:00,Rajasthan,2,tableau|dbt|kafka|aws|pyspark
U_0220,STUDENT,2025-08-31T14:36:25+05:30,Punjab,3,spark|pyspark|sql|gcp
U_0221,STUDENT,2025-10-05T16:31:09+05:30,Tamil Nadu,1,snowflake|azure|pyspark|numpy
U_0222,STUDENT,2025-09-05T12:40:11+00:00,Punjab,2,azure|hadoop
U_0223,STUDENT,2025-10-24T14:19:47-08:00,Kerala,3,python|aws|iceberg|gcp
U_0224,STUDENT,2026-01-25T09:00:46-08:00,West Bengal,2,tableau|sql
U_0225,INSTITUTION,2026-03-24T04:41:42+00:00,West Bengal,,hadoop|gcp|scala
U_0226,INSTITUTION,2025-11-22T11:01:54+00:00,West Bengal,,spark|hadoop|scala|sql|tableau
U_0227,INSTITUTION,2025-11-18T08:25:41-08:00,Delhi,,python|pandas
U_0228,STUDENT,2025-07-14T17:33:31-08:00,West Bengal,1,azure|scala|hadoop
U_0229,STUDENT,2025-04-20T22:42:08-08:00,Maharashtra,3,python|delta|kafka|sql|azure
U_0230,STUDENT,2025-10-28T14:52:04-08:00,Maharashtra,1,aws|azure
U_0231,STUDENT,2026-01-25T14:54:16+05:30,Telangana,1,numpy|tableau|delta|hadoop|spark|snowflake
U_0232,STUDENT,2025-11-10T09:20:23+00:00,Punjab,3,gcp|dbt|sql
U_0233,INSTITUTION,2025-08-13T03:51:35-08:00,Punjab,,gcp|tableau|hadoop|dbt
U_0234,STUDENT,2025-07-01T00:19:57-08:00,Delhi,2,azure|sql|gcp
U_0235,INSTITUTION,2025-09-15T13:42:40-08:00,Delhi,,kafka|numpy|spark|azure
U_0236,STUDENT,2025-11-26T21:18:26+05:30,Delhi,1,aws|sql|spark|pyspark
U_0237,HR,2025-09-03T19:19:24-08:00,Delhi,,kafka|numpy|pandas|azure|python
U_0238,STUDENT,2026-02-05T04:51:03-08:00,Kerala,1,kafka|aws|delta|iceberg|airflow|snowflake
U_0239,STUDENT,2025-10-20T22:13:51-08:00,Telangana,2,snowflake|dbt|azure|sql
U_0240,HR,2025-07-13T10:37:03+00:00,Gujarat,,scala|numpy|gcp
U_0241,STUDENT,2025-05-19T10:08:44+05:30,Maharashtra,2,gcp|pandas|hadoop|pyspark|airflow|azure
U_0242,STUDENT,2025-05-31T08:29:48+05:30,Gujarat,2,dbt|azure|airflow|scala|aws
U_0243,STUDENT,2026-02-24T15:29:32-08:00,Tamil Nadu,3,snowflake|sql
U_0244,HR,2026-03-22T03:11:26-08:00,Maharashtra,,hadoop|delta|spark|scala|dbt
U_0245,STUDENT,2025-10-05T14:13:40+00:00,Rajasthan,3,dbt|tableau|python|snowflake|iceberg|gcp
U_0246,STUDENT,2026-04-13T12:06:04-08:00,Punjab,2,snowflake|gcp
U_0247,HR,2025-05-01T16:17:52+05:30,Karnataka,,hadoop|delta|kafka|pandas|iceberg|tableau
U_0248,HR,2026-01-06T04:21:11+00:00,West Bengal,,delta|tableau|pandas|numpy|gcp
U_0249,HR,2025-08-09T02:44:30-08:00,Karnataka,,aws|tableau|dbt|python|numpy
U_0250,STUDENT,2026-02-12T10:35:22+05:30,West Bengal,3,pyspark|snowflake|sql|tableau
U_0251,STUDENT,2025-05-17T20:33:51-08:00,Kerala,2,spark|iceberg
U_0252,ORG,2025-09-13T03:42:27-08:00,Gujarat,,kafka|hadoop
U_0253,HR,2025-07-17T05:02:54+00:00,Telangana,,delta|aws|numpy
U_0254,STUDENT,2025-07-06T17:04:31+05:30,Karnataka,3,sql|pyspark|gcp|snowflake
U_0255,HR,2025-12-08T17:26:44-08:00,Rajasthan,,numpy|python|iceberg|aws|delta
U_0256,STUDENT,2025-12-02T19:35:58-08:00,West Bengal,1,aws|spark|pandas|tableau|pyspark|scala
U_0257,STUDENT,2026-01-05T22:19:11+05:30,Tamil Nadu,3,numpy|scala|pyspark|sql|python
U_0258,INSTITUTION,2025-10-29T06:45:41+00:00,Karnataka,,spark|airflow|gcp
U_0259,STUDENT,2025-09-16T13:26:55-08:00,Maharashtra,1,tableau|spark|numpy|gcp
U_0260,STUDENT,2025-12-27T15:47:08+00:00,Karnataka,3,delta|snowflake|airflow|numpy|kafka|spark
U_0261,STUDENT,2025-12-24T01:15:12+00:00,Karnataka,1,iceberg|gcp|pandas|delta|aws
U_0262,STUDENT,2026-01-12T05:59:19+05:30,Kerala,3,kafka|azure|pyspark|spark|hadoop|python
U_0263,INSTITUTION,2025-12-11T23:30:41-08:00,Gujarat,,numpy|gcp|hadoop|dbt|airflow
U_0264,STUDENT,2025-07-23T23:24:22+05:30,Tamil Nadu,2,pandas|dbt|delta|airflow
U_0265,STUDENT,2025-06-06T21:43:11+00:00,Rajasthan,1,tableau|airflow|python|scala|delta|azure
U_0266,STUDENT,2025-06-14T05:01:56+00:00,Karnataka,2,hadoop|pandas|delta|tableau|numpy
U_0267,STUDENT,2025-11-06T16:09:42+00:00,Rajasthan,2,aws|snowflake|gcp|iceberg|python|tableau
U_0268,INSTITUTION,2025-07-21T12:17:41-08:00,Karnataka,,delta|scala
U_0269,STUDENT,2025-08-25T01:25:41+05:30,West Bengal,2,pyspark|python|tableau|hadoop|dbt
U_0270,STUDENT,2025-09-30T12:27:16-08:00,Rajasthan,1,scala|aws|azure|snowflake|numpy
U_0271,STUDENT,2025-10-07T15:19:15+05:30,Maharashtra,2,pandas|gcp
U_0272,INSTITUTION,2026-03-17T15:46:31+05:30,Tamil Nadu,,pandas|numpy|azure|aws
U_0273,STUDENT,2025-10-14T10:48:13+00:00,Kerala,3,numpy|spark|pandas|python|aws
U_0274,MENTOR,2026-04-11T05:29:30+00:00,Tamil Nadu,,snowflake|airflow|tableau
U_0275,STUDENT,2025-11-05T09:56:58+00:00,West Bengal,3,airflow|gcp|aws
U_0276,STUDENT,2025-08-24T12:06:31+05:30,West Bengal,2,kafka|tableau
U_0277,STUDENT,2025-07-20T16:29:02+05:30,Punjab,1,numpy|kafka|azure|sql
U_0278,STUDENT,2025-05-19T23:38:41+00:00,Gujarat,3,aws|pyspark|scala|airflow|gcp
U_0279,STUDENT,2026-02-11T23:55:38-08:00,Telangana,3,spark|hadoop|numpy|sql|pyspark|snowflake
U_0280,STUDENT,2025-11-26T00:32:07-08:00,West Bengal,2,hadoop|aws|gcp|spark|delta|numpy
U_0281,STUDENT,2025-04-28T00:47:55-08:00,Tamil Nadu,3,dbt|pandas|hadoop
U_0282,STUDENT,2025-05-28T00:07:45+00:00,Gujarat,1,hadoop|kafka|aws|iceberg|azure
U_0283,STUDENT,2025-11-12T02:35:30-08:00,Kerala,2,spark|python|delta
U_0284,STUDENT,2026-01-03T06:11:07+05:30,Tamil Nadu,2,dbt|snowflake|pyspark|pandas|sql|hadoop
U_0285,HR,2025-06-04T06:26:54+00:00,Maharashtra,,tableau|kafka|gcp|sql|scala
U_0286,HR,2025-07-02T04:57:09+05:30,Maharashtra,,iceberg|scala|spark|delta|gcp
U_0287,INSTITUTION,2025-06-22T18:35:21+05:30,Rajasthan,,gcp|airflow|hadoop|aws
U_0288,STUDENT,2026-01-29T15:09:15+05:30,Punjab,2,tableau|airflow|numpy|scala|hadoop|gcp
U_0289,STUDENT,2025-05-21T18:42:13-08:00,Karnataka,1,sql|iceberg|hadoop|scala|gcp
U_0290,STUDENT,2026-02-22T04:54:45-08:00,Delhi,3,dbt|hadoop|iceberg|numpy|kafka
U_0291,STUDENT,2026-03-21T16:08:15-08:00,Karnataka,2,iceberg|scala|azure|delta|airflow|pandas
U_0292,STUDENT,2025-06-23T08:32:11-08:00,Kerala,3,spark|aws|kafka|dbt
U_0293,HR,2025-10-09T20:55:21+00:00,Telangana,,tableau|hadoop|dbt|aws
U_0294,STUDENT,2025-07-28T22:09:18+05:30,Kerala,1,airflow|azure
U_0295,STUDENT,2025-11-04T20:37:18+05:30,Tamil Nadu,3,airflow|iceberg|spark|numpy
U_0296,STUDENT,2026-03-18T23:47:06+00:00,Tamil Nadu,1,pandas|delta|gcp|numpy|sql
U_0297,MENTOR,2026-04-19T13:52:30+05:30,Tamil Nadu,,delta|snowflake|azure|python|dbt|scala
U_0298,STUDENT,2026-03-04T03:59:05+00:00,Kerala,1,aws|spark|pyspark
U_0299,STUDENT,2025-11-28T06:04:37+00:00,Tamil Nadu,3,spark|snowflake|python
U_0300,STUDENT,2026-02-15T06:19:23+00:00,Delhi,3,gcp|azure|kafka
U_0301,STUDENT,2026-03-11T23:35:51+05:30,Rajasthan,3,scala|gcp|numpy|aws|spark
U_0302,STUDENT,2025-08-12T15:42:03+05:30,Rajasthan,3,pandas|python|tableau|pyspark|iceberg|dbt
U_0303,STUDENT,2025-07-03T13:35:32+00:00,Maharashtra,1,aws|pyspark|delta|dbt|numpy
U_0304,STUDENT,2025-09-26T20:00:47+05:30,Gujarat,1,gcp|scala|airflow|aws|delta
U_0305,INSTITUTION,2025-06-24T19:39:32+05:30,,,python|iceberg
U_0306,STUDENT,2025-04-26T16:56:16+05:30,West Bengal,3,snowflake|gcp|tableau|scala
U_0307,STUDENT,2025-08-14T05:45:36-08:00,Tamil Nadu,2,pandas|spark
U_0308,STUDENT,2026-01-31T02:03:44+05:30,West Bengal,3,pandas|gcp
U_0309,MENTOR,2025-05-26T06:20:44+05:30,Karnataka,,pyspark|azure|sql|hadoop|numpy
U_0310,MENTOR,2025-07-06T08:33:56+05:30,Tamil Nadu,,airflow|dbt
U_0311,INSTITUTION,2025-09-28T21:14:13-08:00,Telangana,,scala|hadoop|iceberg
U_0312,MENTOR,2026-03-05T03:37:54+05:30,West Bengal,,snowflake|spark|iceberg|scala
U_0313,INSTITUTION,2025-08-19T06:58:13+05:30,Punjab,,sql|dbt|airflow|snowflake
U_0314,STUDENT,2025-06-23T16:03:07+05:30,Karnataka,1,python|sql|tableau|pyspark|dbt|delta
U_0315,STUDENT,2025-04-27T14:52:01+05:30,Maharashtra,3,delta|numpy|tableau|kafka|scala
U_0316,STUDENT,2025-06-03T05:09:00+05:30,Karnataka,3,airflow|delta
U_0317,HR,2026-04-02T03:54:53+00:00,Kerala,,pandas|numpy|spark|iceberg
U_0318,STUDENT,2025-11-27T17:25:21+05:30,Telangana,3,delta|azure|scala|pandas|tableau|aws
U_0319,HR,2025-07-09T12:56:49-08:00,Delhi,,python|gcp|tableau
U_0320,STUDENT,2025-12-06T11:05:50-08:00,Maharashtra,2,aws|pandas
U_0321,STUDENT,2025-09-26T05:46:16+05:30,Maharashtra,1,spark|sql|delta|azure
U_0322,HR,2025-11-10T14:01:54-08:00,Kerala,,pyspark|snowflake
U_0323,STUDENT,2025-06-05T13:23:31+00:00,Rajasthan,1,hadoop|delta|pandas|tableau|gcp
U_0324,STUDENT,2025-06-12T23:50:47+00:00,Gujarat,2,iceberg|delta|spark|pyspark|dbt
U_0325,HR,2025-09-04T22:07:34+05:30,Tamil Nadu,,azure|numpy|gcp|sql|iceberg
U_0326,STUDENT,2025-06-24T19:56:28+05:30,Kerala,2,spark|airflow
U_0327,HR,2025-12-22T20:30:40-08:00,Maharashtra,,numpy|hadoop|spark
U_0328,MENTOR,2025-12-02T20:14:14+00:00,Telangana,,airflow|python|aws|gcp
U_0329,STUDENT,2025-07-03T11:24:13-08:00,Kerala,1,pyspark|python|sql
U_0330,HR,2026-01-23T16:07:28+05:30,West Bengal,,spark|iceberg|tableau|python
U_0331,INSTITUTION,2026-02-02T04:50:00-08:00,Tamil Nadu,,numpy|pyspark
U_0332,STUDENT,2025-10-22T23:12:58+05:30,Rajasthan,2,dbt|python|aws|numpy|kafka
U_0333,STUDENT,2026-01-26T14:42:04+05:30,Kerala,1,delta|pandas
U_0334,STUDENT,2025-05-12T03:54:27-08:00,Karnataka,2,hadoop|gcp|kafka|numpy|aws
U_0335,STUDENT,2025-08-18T00:56:35-08:00,West Bengal,3,dbt|tableau|scala|azure
U_0336,STUDENT,2025-12-16T02:25:47+00:00,Maharashtra,2,delta|python|iceberg|snowflake|aws|tableau
U_0337,STUDENT,2025-06-26T04:30:47-08:00,Tamil Nadu,1,delta|iceberg|sql
U_0338,HR,2026-01-24T18:56:09-08:00,West Bengal,,airflow|tableau|delta|pandas
U_0339,STUDENT,2025-07-07T08:21:43-08:00,Rajasthan,1,hadoop|kafka|dbt|iceberg
U_0340,STUDENT,2025-10-11T12:48:05+05:30,Delhi,3,python|snowflake|dbt
U_0341,STUDENT,2025-04-28T12:35:15-08:00,Tamil Nadu,2,numpy|sql|python
U_0342,STUDENT,2025-07-20T07:45:15+05:30,Punjab,2,scala|aws
U_0343,STUDENT,2025-12-10T07:01:25+00:00,Tamil Nadu,3,dbt|numpy|airflow|scala|iceberg
U_0344,STUDENT,2025-04-24T06:32:07-08:00,Delhi,3,airflow|aws|pandas|scala|azure|hadoop
U_0345,STUDENT,2025-07-10T22:48:12+05:30,Rajasthan,2,sql|airflow|numpy|azure|aws|pandas
U_0346,STUDENT,2025-09-12T08:41:23+05:30,Tamil Nadu,2,delta|scala
U_0347,INSTITUTION,2026-02-13T19:10:34-08:00,Karnataka,,azure|python|iceberg|pyspark
U_0348,STUDENT,2026-03-24T16:06:25+00:00,Karnataka,3,sql|aws
U_0349,STUDENT,2025-11-08T00:32:55+05:30,Kerala,2,tableau|aws|pyspark|gcp
U_0350,STUDENT,2025-05-19T10:27:49-08:00,Delhi,1,spark|sql|pandas|python|airflow
U_0351,STUDENT,2026-03-10T07:53:31+05:30,West Bengal,1,tableau|spark
U_0352,STUDENT,2025-08-24T16:25:00+00:00,West Bengal,3,gcp|airflow|sql
U_0353,STUDENT,2026-01-30T04:07:51+05:30,Punjab,3,iceberg|pandas|snowflake|pyspark|sql|python
U_0354,STUDENT,2025-09-18T12:46:23+00:00,Gujarat,1,spark|pandas|dbt|pyspark|sql
U_0355,STUDENT,2026-02-12T15:43:43-08:00,Karnataka,2,pandas|aws
U_0356,STUDENT,2025-05-07T11:08:15-08:00,Punjab,2,scala|aws|tableau
U_0357,STUDENT,2026-04-02T16:08:25+00:00,Telangana,1,sql|hadoop|pyspark|tableau
U_0358,STUDENT,2025-06-10T03:12:54-08:00,Rajasthan,1,sql|aws|gcp|iceberg|numpy|delta
U_0359,STUDENT,2026-01-18T11:39:26+00:00,West Bengal,3,snowflake|tableau
U_0360,HR,2025-07-30T20:55:02-08:00,Kerala,,airflow|kafka|snowflake
U_0361,STUDENT,2025-11-06T13:51:36+05:30,West Bengal,1,iceberg|numpy|spark
U_0362,STUDENT,2025-09-15T22:18:36+00:00,Telangana,3,python|snowflake|gcp|sql|kafka
U_0363,STUDENT,2025-09-11T22:57:43-08:00,Karnataka,1,pyspark|pandas|scala|azure|kafka|hadoop
U_0364,STUDENT,2025-10-13T10:01:19-08:00,Maharashtra,1,aws|hadoop|tableau|python
U_0365,STUDENT,2025-05-13T15:31:16+00:00,Maharashtra,3,iceberg|scala|python|airflow|gcp
U_0366,HR,2025-12-20T05:44:33+00:00,Karnataka,,hadoop|pandas|azure
U_0367,HR,2025-12-16T09:17:26+00:00,Rajasthan,,kafka|azure
U_0368,STUDENT,2025-06-04T00:02:54+00:00,Punjab,2,snowflake|airflow
U_0369,STUDENT,2025-07-18T10:20:02-08:00,Punjab,3,airflow|kafka
U_0370,ORG,2026-02-01T01:05:28+05:30,Kerala,,scala|kafka
U_0371,STUDENT,2025-06-04T04:21:55+00:00,Karnataka,3,delta|scala
U_0372,STUDENT,2025-10-28T18:00:53+05:30,Kerala,3,scala|tableau|airflow|gcp|hadoop|snowflake
U_0373,HR,2026-03-15T21:29:11+00:00,,,airflow|kafka
U_0374,ORG,2025-08-11T13:58:56+05:30,Telangana,,snowflake|python|tableau|delta|spark
U_0375,STUDENT,2025-08-29T12:57:04+05:30,Rajasthan,2,gcp|aws|scala|delta
U_0376,STUDENT,2025-10-20T18:03:34+00:00,Rajasthan,2,pyspark|python|scala|iceberg|numpy|pandas
U_0377,STUDENT,2025-12-25T02:00:10-08:00,Karnataka,2,numpy|iceberg|snowflake|tableau
U_0378,MENTOR,2025-05-08T10:28:25-08:00,Tamil Nadu,,delta|sql|aws|numpy|airflow|azure
U_0379,STUDENT,2026-04-10T02:44:23-08:00,Telangana,2,aws|tableau|sql|pandas|scala
U_0380,INSTITUTION,2025-06-07T02:11:31+05:30,Delhi,,dbt|scala|pandas|gcp|spark|numpy
U_0381,ORG,2026-02-08T15:41:30+00:00,Tamil Nadu,,tableau|airflow|numpy|dbt
U_0382,STUDENT,2025-12-03T00:31:08+05:30,Telangana,2,scala|iceberg|pandas|delta
U_0383,ORG,2025-10-19T06:16:53+05:30,Rajasthan,,spark|dbt|kafka|iceberg|sql|numpy
U_0384,STUDENT,2025-12-25T03:07:23+00:00,Tamil Nadu,1,numpy|gcp|azure
U_0385,STUDENT,2025-05-20T01:54:22-08:00,Karnataka,2,airflow|numpy|sql|python
U_0386,STUDENT,2026-01-28T16:24:54+05:30,Tamil Nadu,2,hadoop|gcp
U_0387,STUDENT,2025-11-14T08:06:01+00:00,West Bengal,1,tableau|kafka
U_0388,MENTOR,2026-04-14T12:47:31+00:00,Punjab,,python|tableau|delta
U_0389,STUDENT,2025-05-14T09:54:22+00:00,Karnataka,2,pandas|airflow|spark|gcp|python|hadoop
U_0390,INSTITUTION,2025-10-24T22:27:32-08:00,Punjab,,gcp|hadoop|numpy|azure
U_0391,STUDENT,2025-07-02T16:24:58+05:30,West Bengal,1,delta|hadoop|kafka
U_0392,MENTOR,2025-09-02T23:39:52-08:00,Gujarat,,aws|iceberg
U_0393,HR,2025-08-20T23:57:47+05:30,Maharashtra,,python|sql
U_0394,STUDENT,2025-11-09T03:22:13+00:00,Punjab,2,hadoop|kafka|python|tableau|snowflake
U_0395,STUDENT,2025-08-05T17:12:41-08:00,Rajasthan,3,gcp|pyspark|snowflake
U_0396,STUDENT,2025-06-19T05:30:22+05:30,Rajasthan,1,snowflake|kafka|scala|dbt
U_0397,STUDENT,2026-02-16T17:12:35+05:30,Delhi,3,numpy|delta|python|dbt|tableau
U_0398,STUDENT,2026-03-08T02:42:34-08:00,Tamil Nadu,1,spark|pyspark|iceberg|numpy|snowflake|delta
U_0399,INSTITUTION,2025-12-26T00:52:24+00:00,Karnataka,,sql|pandas|scala
U_0400,HR,2025-12-19T13:21:31+00:00,Karnataka,,python|hadoop
U_0401,STUDENT,2026-02-12T18:42:38+00:00,Kerala,3,spark|scala|numpy|tableau
U_0402,STUDENT,2025-11-15T13:23:52+00:00,West Bengal,3,gcp|airflow|pyspark|spark|scala
U_0403,MENTOR,2025-05-27T02:05:21+05:30,Rajasthan,,azure|airflow|aws|dbt|snowflake
U_0404,STUDENT,2025-05-20T00:12:40-08:00,Tamil Nadu,2,pyspark|gcp|azure|python|sql
U_0405,STUDENT,2025-12-18T23:05:25+05:30,Punjab,3,delta|numpy|pyspark|kafka|snowflake|scala
U_0406,STUDENT,2025-12-06T17:22:53-08:00,West Bengal,1,sql|python|airflow|iceberg|gcp|delta
U_0407,ORG,2025-05-17T08:27:33+05:30,Kerala,,delta|numpy|iceberg|python
U_0408,STUDENT,2025-09-18T05:00:34-08:00,Delhi,1,azure|tableau|spark|gcp|delta
U_0409,STUDENT,2026-03-04T21:34:20+00:00,Maharashtra,1,gcp|sql|python|tableau|snowflake
U_0410,HR,2025-08-22T13:53:07-08:00,Punjab,,kafka|azure|numpy|airflow|gcp|python
U_0411,HR,2025-05-27T02:23:28+00:00,Rajasthan,,dbt|scala|azure|sql|tableau|aws
U_0412,STUDENT,2026-04-19T03:31:23+00:00,Telangana,3,scala|pyspark|sql|azure|spark|delta
U_0413,STUDENT,2025-07-15T14:25:01-08:00,Karnataka,2,kafka|tableau|pyspark|azure|gcp|snowflake
U_0414,STUDENT,2025-06-03T18:35:55+05:30,Karnataka,2,pyspark|azure
U_0415,STUDENT,2025-09-03T03:10:31-08:00,Kerala,1,sql|gcp|dbt|azure|iceberg|aws
U_0416,INSTITUTION,2026-02-10T04:21:13-08:00,Tamil Nadu,,aws|numpy
U_0417,STUDENT,2025-11-21T14:41:04+00:00,Delhi,2,numpy|pandas|azure|aws|spark
U_0418,STUDENT,2025-08-29T00:03:55-08:00,Punjab,2,numpy|kafka|snowflake|pyspark|pandas|scala
U_0419,STUDENT,2025-12-06T21:37:51-08:00,Tamil Nadu,3,numpy|pyspark|scala|iceberg|delta|pandas
U_0420,STUDENT,2025-08-03T21:38:38-08:00,Punjab,2,python|snowflake|pyspark|tableau|kafka
U_0421,STUDENT,2025-08-02T16:46:42+05:30,Tamil Nadu,2,hadoop|sql|pandas|pyspark
U_0422,HR,2026-04-07T10:52:58+00:00,Karnataka,,tableau|delta|aws|pyspark|iceberg|dbt
U_0423,HR,2025-07-23T15:36:44+00:00,Maharashtra,,aws|gcp|numpy|iceberg|python
U_0424,STUDENT,2026-01-12T09:19:52+05:30,Kerala,1,tableau|kafka|snowflake|hadoop
U_0425,STUDENT,2025-07-28T21:09:30+05:30,Tamil Nadu,3,pyspark|aws|sql|kafka|hadoop|iceberg
U_0426,STUDENT,2026-02-16T12:02:04-08:00,Maharashtra,2,hadoop|sql|tableau|azure|airflow
U_0427,STUDENT,2025-06-23T12:57:27-08:00,Telangana,2,tableau|scala|spark|aws|snowflake|airflow
U_0428,STUDENT,2026-02-07T14:12:57-08:00,Punjab,1,tableau|aws|spark|airflow|pyspark
U_0429,ORG,2025-08-05T09:16:29+00:00,Telangana,,snowflake|dbt|python
U_0430,STUDENT,2025-12-06T14:58:42+00:00,Rajasthan,3,sql|numpy|aws
U_0431,INSTITUTION,2026-03-06T23:16:39+00:00,Telangana,,snowflake|scala
U_0432,STUDENT,2025-10-04T10:14:27+00:00,Telangana,3,numpy|snowflake|spark
U_0433,INSTITUTION,2026-02-13T23:46:03-08:00,Karnataka,,kafka|gcp|pyspark
U_0434,STUDENT,2025-06-02T03:30:10-08:00,West Bengal,3,hadoop|python
U_0435,STUDENT,2025-12-12T04:11:19+05:30,Maharashtra,1,tableau|spark|delta|azure
U_0436,STUDENT,2025-11-20T07:16:27+00:00,West Bengal,2,aws|pyspark
U_0437,STUDENT,2025-08-13T21:30:25-08:00,Rajasthan,1,scala|snowflake
U_0438,STUDENT,2025-06-18T09:38:10-08:00,Karnataka,2,aws|tableau|python|delta|spark
U_0439,STUDENT,2026-02-26T00:49:58-08:00,Punjab,2,pandas|scala|python
U_0440,STUDENT,2025-09-16T10:22:30+05:30,Maharashtra,3,aws|spark|pandas|pyspark|scala|gcp
U_0441,INSTITUTION,2025-12-07T11:04:14+05:30,Punjab,,airflow|tableau|delta
U_0442,STUDENT,2026-01-11T20:16:34+05:30,Rajasthan,1,azure|spark|pandas|numpy|sql|hadoop
U_0443,STUDENT,2025-07-12T05:01:05-08:00,Gujarat,2,delta|pyspark|pandas
U_0444,STUDENT,2025-05-05T10:17:12+05:30,Kerala,2,pandas|hadoop|scala|aws|airflow|kafka
U_0445,STUDENT,2025-12-19T08:37:36+05:30,West Bengal,2,hadoop|numpy|dbt|delta
U_0446,STUDENT,2025-06-23T02:38:55+00:00,Karnataka,1,spark|iceberg|hadoop|azure|snowflake|pyspark
U_0447,STUDENT,2025-05-10T18:45:05-08:00,Karnataka,1,python|aws|kafka|azure|tableau|iceberg
U_0448,STUDENT,2025-05-07T19:26:50-08:00,Tamil Nadu,2,delta|pandas|hadoop|tableau|iceberg
U_0449,STUDENT,2025-11-16T21:41:40+00:00,Delhi,3,snowflake|hadoop|azure
U_0450,STUDENT,2025-09-12T01:10:05-08:00,Tamil Nadu,3,scala|sql|delta|aws|dbt
U_0451,STUDENT,2026-01-07T08:00:48+00:00,Delhi,3,aws|dbt|azure|snowflake
U_0452,STUDENT,2025-08-11T03:18:41+00:00,Punjab,3,iceberg|airflow|aws|numpy
U_0453,STUDENT,2025-09-03T18:26:11-08:00,Karnataka,3,aws|delta|tableau|airflow
U_0454,HR,2025-12-07T00:03:57+00:00,Rajasthan,,snowflake|hadoop
U_0455,STUDENT,2026-01-20T16:19:51+05:30,Telangana,1,airflow|tableau|scala
U_0456,STUDENT,2025-06-06T17:25:37+05:30,West Bengal,2,dbt|tableau
U_0457,STUDENT,2025-09-02T13:25:47+05:30,West Bengal,1,sql|hadoop|airflow
U_0458,STUDENT,2025-10-02T21:49:22+05:30,Tamil Nadu,1,iceberg|airflow|aws
U_0459,STUDENT,2025-09-13T02:49:25-08:00,,3,spark|kafka|azure|pandas
U_0460,INSTITUTION,2025-05-18T04:09:21+00:00,West Bengal,,hadoop|airflow|iceberg|spark|scala|numpy
U_0461,STUDENT,2025-10-25T21:21:07-08:00,Delhi,2,hadoop|pyspark|python|snowflake|iceberg
U_0462,ORG,2025-10-06T03:01:43-08:00,Tamil Nadu,,pyspark|airflow|dbt|azure|pandas|gcp
U_0463,STUDENT,2025-06-19T13:49:07-08:00,Karnataka,1,hadoop|python|gcp|iceberg|kafka
U_0464,STUDENT,2026-04-03T03:07:34-08:00,Delhi,2,scala|pyspark|gcp|spark|hadoop
U_0465,STUDENT,2026-01-19T16:49:23+05:30,Punjab,2,kafka|python|snowflake|pandas
U_0466,STUDENT,2025-09-30T03:28:07+05:30,Delhi,3,gcp|scala|pyspark|spark
U_0467,STUDENT,2025-09-04T15:57:16+00:00,Punjab,2,scala|iceberg|aws|dbt|pyspark|kafka
U_0468,STUDENT,2025-09-15T11:08:22+00:00,Punjab,3,iceberg|pandas|scala|aws|dbt
U_0469,STUDENT,2026-02-25T09:06:30-08:00,Delhi,2,pyspark|kafka|aws
U_0470,HR,2025-06-12T23:30:08-08:00,Maharashtra,,aws|python|spark
U_0471,HR,2025-10-18T19:43:47-08:00,Karnataka,,delta|scala|spark|pandas
U_0472,STUDENT,2025-11-21T17:49:20+00:00,Punjab,2,sql|airflow|dbt|delta|python|pyspark
U_0473,ORG,2025-04-23T12:42:09-08:00,Maharashtra,,snowflake|tableau|delta|pandas|spark|numpy
U_0474,STUDENT,2026-01-17T01:58:00-08:00,,1,iceberg|aws
U_0475,STUDENT,2025-11-17T12:59:58+00:00,Punjab,1,spark|pandas
U_0476,MENTOR,2025-09-14T20:40:52-08:00,Telangana,,kafka|azure|aws
U_0477,STUDENT,2026-01-08T14:18:06+05:30,Karnataka,3,snowflake|pandas
U_0478,STUDENT,2026-03-05T13:23:50-08:00,Punjab,3,azure|aws|dbt|snowflake
U_0479,STUDENT,2025-12-09T02:07:57+00:00,Rajasthan,1,pyspark|iceberg|spark|kafka|numpy
U_0480,HR,2026-01-24T09:53:17-08:00,Gujarat,,scala|snowflake|python|tableau|gcp
U_0481,STUDENT,2025-12-29T10:16:02+05:30,Gujarat,1,airflow|dbt|numpy|tableau|pyspark|pandas
U_0482,STUDENT,2025-07-04T05:19:11-08:00,Delhi,2,delta|tableau|iceberg
U_0483,STUDENT,2026-01-31T06:04:44+05:30,Gujarat,1,pyspark|spark
U_0484,STUDENT,2025-08-05T08:26:22+00:00,Punjab,1,scala|numpy|dbt|azure|pandas
U_0485,ORG,2025-10-11T09:21:46+05:30,Punjab,,aws|delta|hadoop|python
U_0486,STUDENT,2025-11-06T15:42:55+00:00,Maharashtra,3,aws|airflow|azure|sql
U_0487,STUDENT,2025-10-23T07:49:53+00:00,Maharashtra,3,aws|pyspark|numpy
U_0488,STUDENT,2025-05-20T07:03:01+00:00,Telangana,1,dbt|numpy|scala|spark
U_0489,STUDENT,2026-01-28T05:41:43+00:00,Gujarat,2,iceberg|azure|airflow|pandas|spark
U_0490,INSTITUTION,2025-07-27T13:54:20+05:30,Telangana,,tableau|gcp|aws
U_0491,STUDENT,2025-06-13T07:06:38-08:00,Maharashtra,1,dbt|hadoop|numpy|aws|delta
U_0492,STUDENT,2025-09-13T16:29:24-08:00,Karnataka,3,sql|kafka|iceberg
U_0493,STUDENT,2025-08-18T09:15:32+05:30,Gujarat,2,scala|iceberg|tableau|python
U_0494,STUDENT,2025-12-04T15:35:59-08:00,Delhi,3,tableau|airflow|pandas|snowflake|azure|numpy
U_0495,STUDENT,2025-06-23T02:51:33-08:00,Karnataka,2,pandas|azure|hadoop|gcp|spark|numpy
U_0496,HR,2025-12-09T23:18:47+00:00,Rajasthan,,spark|tableau|airflow|dbt|pyspark
U_0497,STUDENT,2025-08-09T09:28:37+00:00,Rajasthan,3,iceberg|azure|scala|dbt|pandas
U_0498,STUDENT,2025-10-27T03:00:20+00:00,Maharashtra,1,iceberg|spark|kafka
U_0499,STUDENT,2026-03-10T23:53:01+05:30,Kerala,3,python|aws
U_0500,STUDENT,2026-03-18T16:02:34+05:30,Tamil Nadu,1,pandas|delta|snowflake|scala|hadoop
U_0501,STUDENT,2026-03-01T21:45:27+05:30,Tamil Nadu,1,scala|numpy
U_0502,ORG,2025-10-20T13:26:29-08:00,Punjab,,hadoop|airflow|azure|numpy|scala
U_0503,STUDENT,2025-09-12T23:17:01+00:00,Punjab,2,dbt|delta|spark|snowflake
U_0504,STUDENT,2025-11-10T21:58:56+00:00,Maharashtra,1,hadoop|scala|pandas|delta|iceberg|python
U_0505,STUDENT,2025-10-10T22:51:53+00:00,West Bengal,2,delta|python|scala|pyspark|kafka|iceberg
U_0506,STUDENT,2026-01-12T22:47:58+05:30,West Bengal,2,iceberg|spark|gcp
U_0507,STUDENT,2025-10-01T08:50:43-08:00,Telangana,2,iceberg|gcp|kafka|snowflake|sql|spark
U_0508,STUDENT,2026-03-08T03:24:16-08:00,Kerala,2,dbt|kafka|numpy|python|spark|azure
U_0509,INSTITUTION,2026-04-11T09:43:31+05:30,Telangana,,hadoop|azure|python|pyspark
U_0510,STUDENT,2026-04-14T06:45:17+00:00,West Bengal,2,scala|azure|sql|airflow|dbt
U_0511,HR,2026-02-22T06:21:46+05:30,West Bengal,,tableau|dbt
U_0512,STUDENT,2025-05-07T03:28:50+00:00,Maharashtra,1,aws|azure|delta
U_0513,MENTOR,2026-04-06T23:39:42+05:30,Karnataka,,kafka|dbt|aws|numpy|hadoop|airflow
U_0514,STUDENT,2025-07-11T04:20:19+05:30,Punjab,3,iceberg|dbt
U_0515,STUDENT,2026-02-01T19:45:42+00:00,Delhi,1,gcp|numpy|python
U_0516,STUDENT,2026-01-02T18:33:40-08:00,Delhi,1,dbt|hadoop
U_0517,STUDENT,2026-03-16T05:59:13+05:30,Karnataka,3,numpy|sql|snowflake|airflow|tableau|spark
U_0518,MENTOR,2025-06-16T15:00:00+05:30,Delhi,,tableau|scala|azure|snowflake
U_0519,STUDENT,2025-07-26T07:43:29+00:00,Tamil Nadu,2,dbt|azure
U_0520,STUDENT,2025-09-21T05:21:07-08:00,Rajasthan,1,scala|numpy|azure|hadoop|gcp|pandas
U_0521,INSTITUTION,2025-09-16T15:29:46+05:30,Tamil Nadu,,pandas|iceberg|scala|delta|python
U_0522,HR,2025-10-05T12:07:56+00:00,Maharashtra,,scala|delta|numpy|tableau|sql|dbt
U_0523,INSTITUTION,2025-06-05T21:54:12+00:00,Kerala,,hadoop|pandas|numpy|kafka|dbt|airflow
U_0524,STUDENT,2025-09-28T19:25:04-08:00,Tamil Nadu,1,kafka|pyspark
U_0525,STUDENT,2026-03-12T15:33:00+05:30,West Bengal,3,snowflake|iceberg|sql|airflow|pyspark
U_0526,STUDENT,2026-03-23T11:24:25+05:30,Delhi,3,spark|azure|sql|airflow|iceberg
U_0527,MENTOR,2025-05-09T04:35:07+00:00,Maharashtra,,iceberg|snowflake|sql|scala|dbt|hadoop
U_0528,STUDENT,2026-01-26T03:39:57-08:00,Delhi,3,kafka|tableau|delta|pandas|numpy
U_0529,INSTITUTION,2025-09-15T03:06:58-08:00,Karnataka,,scala|azure|gcp|snowflake|sql|spark
U_0530,HR,2025-09-18T09:57:02+00:00,Tamil Nadu,,azure|scala|numpy|iceberg|airflow|gcp
U_0531,STUDENT,2025-08-17T01:46:04+00:00,Gujarat,3,tableau|kafka|aws
U_0532,HR,2025-04-25T07:41:07-08:00,Kerala,,aws|python|sql|hadoop|pandas
U_0533,STUDENT,2026-02-26T12:54:36+00:00,,1,numpy|python|iceberg
U_0534,INSTITUTION,2025-10-03T10:36:16-08:00,Rajasthan,,pyspark|sql|azure
U_0535,STUDENT,2026-02-25T05:56:32+00:00,Rajasthan,1,iceberg|pandas|spark
U_0536,STUDENT,2025-09-10T23:55:50+05:30,Gujarat,2,dbt|pyspark|pandas
U_0537,STUDENT,2025-06-10T01:42:52-08:00,Maharashtra,2,gcp|tableau|pyspark|snowflake
U_0538,HR,2025-07-03T15:07:48-08:00,Maharashtra,,sql|pandas|tableau|airflow|iceberg
U_0539,STUDENT,2025-12-14T01:42:31-08:00,Tamil Nadu,1,azure|snowflake|spark|pyspark|kafka
U_0540,STUDENT,2025-11-17T20:38:56+05:30,Karnataka,2,sql|aws|iceberg|tableau|kafka|dbt
U_0541,STUDENT,2025-07-22T23:22:32+05:30,Kerala,3,dbt|aws|kafka
U_0542,STUDENT,2025-07-08T07:04:47-08:00,Karnataka,2,numpy|spark|pyspark|tableau|kafka
U_0543,STUDENT,2025-12-05T17:32:08+05:30,Rajasthan,3,pandas|airflow
U_0544,INSTITUTION,2025-08-23T16:24:15+00:00,Kerala,,delta|kafka
U_0545,STUDENT,2026-02-18T10:03:24-08:00,Karnataka,3,delta|hadoop
U_0546,ORG,2025-06-05T11:47:51+00:00,,,pandas|azure
U_0547,STUDENT,2025-12-12T02:41:06+05:30,Delhi,1,snowflake|iceberg|dbt|pandas|scala|spark
U_0548,STUDENT,2025-08-03T11:21:36+05:30,Punjab,1,airflow|sql|pandas|pyspark
U_0549,HR,2025-08-23T00:09:03+00:00,Maharashtra,,aws|iceberg
U_0550,STUDENT,2025-04-30T11:26:47-08:00,Karnataka,1,aws|delta|tableau|iceberg
U_0551,INSTITUTION,2026-03-12T07:37:35+00:00,Rajasthan,,spark|airflow|kafka|iceberg|delta|azure
U_0552,INSTITUTION,2026-04-11T15:42:47+05:30,Punjab,,numpy|dbt|aws|scala
U_0553,STUDENT,2025-12-06T07:46:38-08:00,Telangana,1,iceberg|sql|tableau|azure|kafka|python
U_0554,INSTITUTION,2026-01-01T04:24:15+05:30,West Bengal,,spark|aws|delta
U_0555,STUDENT,2025-09-09T12:11:55+05:30,Telangana,3,azure|hadoop|kafka|numpy
U_0556,STUDENT,2025-09-21T18:13:00-08:00,Tamil Nadu,2,hadoop|gcp|tableau|numpy|pandas|spark
U_0557,STUDENT,2025-09-15T13:12:43-08:00,Karnataka,1,hadoop|python|numpy|azure
U_0558,INSTITUTION,2025-11-11T06:51:21+00:00,Telangana,,kafka|pyspark|hadoop
U_0559,STUDENT,2025-06-27T21:28:28-08:00,Rajasthan,3,delta|tableau|snowflake|numpy|python|airflow
U_0560,STUDENT,2025-06-21T03:29:34+00:00,Rajasthan,2,airflow|aws|dbt|delta
U_0561,STUDENT,2026-02-03T22:41:17+05:30,Maharashtra,2,delta|kafka|snowflake|sql|spark
U_0562,INSTITUTION,2025-10-31T09:33:55-08:00,Gujarat,,delta|gcp|aws|dbt|python
U_0563,STUDENT,2025-06-03T20:42:05+00:00,West Bengal,3,tableau|snowflake|sql|iceberg|dbt|delta
U_0564,STUDENT,2025-05-14T02:37:08+05:30,Delhi,3,aws|sql|tableau|iceberg|dbt|numpy
U_0565,INSTITUTION,2026-02-05T06:28:00+00:00,Telangana,,azure|airflow|gcp|hadoop
U_0566,STUDENT,2026-03-29T19:35:18-08:00,Tamil Nadu,2,spark|snowflake|pyspark|tableau|aws
U_0567,STUDENT,2025-05-07T16:15:32-08:00,West Bengal,2,azure|python|airflow|delta
U_0568,STUDENT,2025-07-17T05:45:58+05:30,Karnataka,2,airflow|pyspark|spark|sql
U_0569,MENTOR,2025-08-16T18:01:01+00:00,West Bengal,,airflow|aws|snowflake|python|dbt|spark
U_0570,INSTITUTION,2025-09-12T09:14:12-08:00,Tamil Nadu,,airflow|sql|gcp
U_0571,STUDENT,2025-07-10T10:23:58+00:00,Tamil Nadu,1,kafka|python|iceberg
U_0572,STUDENT,2025-10-08T17:46:29+00:00,Maharashtra,3,delta|kafka|dbt|tableau|snowflake
U_0573,STUDENT,2025-08-29T12:15:20-08:00,,3,tableau|kafka|sql|spark
U_0574,STUDENT,2025-08-09T07:01:06+00:00,Maharashtra,3,pandas|numpy|spark|python|sql|kafka
U_0575,INSTITUTION,2026-02-16T08:14:49-08:00,Rajasthan,,tableau|airflow|azure|scala|pandas|snowflake
U_0576,INSTITUTION,2026-03-14T20:00:01+00:00,West Bengal,,gcp|spark
U_0577,STUDENT,2026-02-26T17:56:33+05:30,Telangana,2,gcp|snowflake|kafka|scala|pyspark|pandas
U_0578,STUDENT,2025-09-10T02:28:23-08:00,Punjab,1,pandas|gcp|numpy|hadoop|iceberg
U_0579,STUDENT,2025-08-20T22:56:37+00:00,Rajasthan,3,snowflake|dbt|tableau|aws|spark
U_0580,ORG,2026-01-19T14:52:38-08:00,Delhi,,pyspark|python
U_0581,STUDENT,2025-06-14T13:54:52+05:30,Delhi,3,gcp|sql|numpy|airflow|iceberg
U_0582,HR,2026-01-27T12:52:02+05:30,Telangana,,spark|pandas|snowflake|iceberg
U_0583,STUDENT,2025-06-26T02:44:17+05:30,Gujarat,2,python|airflow|kafka|snowflake|gcp
U_0584,STUDENT,2025-08-01T20:05:52+00:00,Maharashtra,3,dbt|hadoop|azure
U_0585,ORG,2025-09-23T11:06:00+00:00,West Bengal,,snowflake|pandas
U_0586,STUDENT,2025-07-30T14:44:24+00:00,Maharashtra,1,numpy|scala|spark|dbt|hadoop|python
U_0587,STUDENT,2025-11-25T06:30:09-08:00,Tamil Nadu,3,aws|airflow|pyspark|gcp|tableau|azure
U_0588,STUDENT,2025-05-21T20:32:35+00:00,Telangana,2,dbt|delta
U_0589,STUDENT,2025-06-01T20:53:46+00:00,Telangana,1,scala|sql
U_0590,HR,2025-04-30T06:55:31+05:30,Maharashtra,,snowflake|hadoop|kafka|airflow|delta
U_0591,MENTOR,2025-09-28T15:26:02+00:00,Tamil Nadu,,snowflake|hadoop
U_0592,STUDENT,2026-04-05T19:18:21+00:00,Punjab,1,pandas|sql
U_0593,STUDENT,2025-09-01T04:50:18+05:30,Maharashtra,1,pandas|python|tableau|numpy|pyspark|airflow
U_0594,STUDENT,2025-12-29T16:59:55+00:00,Kerala,3,iceberg|hadoop
U_0595,STUDENT,2026-03-06T13:09:07+05:30,Punjab,3,kafka|scala
U_0596,STUDENT,2026-01-04T17:36:41+05:30,Telangana,3,airflow|spark|pandas
U_0597,STUDENT,2025-12-09T10:43:29-08:00,Tamil Nadu,1,sql|pyspark|aws|python|tableau
U_0598,STUDENT,2026-02-09T11:45:28-08:00,Rajasthan,3,scala|pandas|numpy|gcp|pyspark
U_0599,MENTOR,2025-08-02T11:02:10-08:00,Kerala,,hadoop|spark|azure|sql|delta|tableau
U_0600,STUDENT,2025-07-18T04:18:29+00:00,Delhi,1,iceberg|scala|aws|spark|snowflake|numpy
U_0601,STUDENT,2025-05-20T16:50:28+00:00,Maharashtra,1,pyspark|scala|dbt|delta|gcp
U_0602,STUDENT,2025-06-25T18:15:59+00:00,Tamil Nadu,3,aws|pyspark
U_0603,STUDENT,2025-08-10T18:40:27+05:30,Punjab,2,gcp|delta|snowflake|iceberg|spark
U_0604,INSTITUTION,2025-11-21T22:34:17+05:30,Rajasthan,,gcp|numpy|delta|spark|snowflake
U_0605,STUDENT,2025-07-06T20:35:59-08:00,Kerala,1,azure|numpy|pyspark|gcp|delta|spark
U_0606,STUDENT,2025-11-13T09:43:43+05:30,Rajasthan,2,dbt|sql|spark|pyspark
U_0607,HR,2025-05-10T10:07:24-08:00,Maharashtra,,hadoop|azure|pandas
U_0608,STUDENT,2025-09-07T13:17:20+00:00,Gujarat,2,pandas|gcp|scala|sql|tableau|python
U_0609,STUDENT,2025-10-03T18:30:17+00:00,Telangana,1,tableau|sql|python|scala
U_0610,STUDENT,2025-12-01T11:35:51+05:30,Maharashtra,1,aws|numpy|tableau|kafka|azure
U_0611,STUDENT,2026-01-27T23:19:25-08:00,Tamil Nadu,1,aws|scala|gcp|spark|hadoop|numpy
U_0612,STUDENT,2026-04-15T11:51:17+05:30,Tamil Nadu,3,gcp|hadoop|spark|dbt|numpy
U_0613,HR,2025-05-20T22:47:43+00:00,Rajasthan,,airflow|azure|gcp|iceberg|dbt
U_0614,STUDENT,2025-12-03T00:17:48+05:30,Rajasthan,1,dbt|delta|iceberg|kafka|tableau|pandas
U_0615,STUDENT,2026-04-05T07:04:21-08:00,Gujarat,1,dbt|spark|hadoop|scala|azure|iceberg
U_0616,INSTITUTION,2025-07-02T12:04:01+00:00,Karnataka,,spark|delta|dbt|numpy|scala|azure
U_0617,INSTITUTION,2026-03-20T16:13:26-08:00,Rajasthan,,sql|numpy|python|delta
U_0618,STUDENT,2025-05-03T02:57:17+00:00,Gujarat,2,pandas|tableau|airflow|python
U_0619,STUDENT,2025-08-30T21:37:27-08:00,Rajasthan,2,dbt|airflow
U_0620,STUDENT,2025-08-08T02:39:20+00:00,Rajasthan,1,dbt|spark|hadoop|iceberg
U_0621,STUDENT,2025-06-19T14:48:04+00:00,Rajasthan,2,iceberg|python|pyspark|pandas
U_0622,STUDENT,2025-09-02T04:18:10-08:00,Kerala,2,iceberg|delta|dbt
U_0623,STUDENT,2025-09-27T04:22:47+05:30,Karnataka,1,hadoop|dbt|gcp|aws|kafka|pyspark
U_0624,STUDENT,2025-07-12T01:11:53-08:00,Rajasthan,3,sql|iceberg|pyspark|python
U_0625,STUDENT,2025-11-16T03:25:45+00:00,Punjab,1,aws|dbt|iceberg|spark|snowflake
U_0626,ORG,2026-04-15T09:25:43+00:00,Kerala,,numpy|snowflake|sql|dbt|iceberg
U_0627,STUDENT,2025-05-27T03:07:11+00:00,Telangana,2,iceberg|pyspark|tableau|numpy
U_0628,STUDENT,2025-10-22T22:09:24-08:00,Rajasthan,1,numpy|airflow|tableau|iceberg|python|dbt
U_0629,STUDENT,2026-03-24T14:38:31+05:30,Punjab,1,scala|delta|pandas|hadoop|pyspark
U_0630,STUDENT,2025-08-22T10:47:58+05:30,Rajasthan,3,pyspark|tableau|spark
U_0631,ORG,2026-02-28T13:10:36+00:00,Rajasthan,,pyspark|airflow|iceberg
U_0632,STUDENT,2025-08-06T11:54:02+05:30,Telangana,2,iceberg|airflow|spark|hadoop
U_0633,HR,2025-11-22T08:03:17+00:00,Maharashtra,,iceberg|airflow|azure|sql
U_0634,STUDENT,2025-04-24T08:56:55+05:30,Tamil Nadu,3,pyspark|hadoop|gcp|tableau|pandas
U_0635,STUDENT,2025-04-30T13:51:56+00:00,Karnataka,1,spark|iceberg
U_0636,HR,2026-04-12T17:05:59+00:00,Maharashtra,,aws|iceberg
U_0637,STUDENT,2025-12-12T21:45:13+00:00,Punjab,3,dbt|gcp|aws|snowflake|scala
U_0638,HR,2025-06-18T23:42:43+05:30,Maharashtra,,dbt|pyspark|scala|airflow|numpy
U_0639,STUDENT,2026-03-29T13:32:55-08:00,Karnataka,2,numpy|spark|azure|aws|dbt|hadoop
U_0640,STUDENT,2026-02-10T09:47:54-08:00,West Bengal,3,pandas|aws|pyspark
U_0641,STUDENT,2025-12-01T11:26:38+00:00,Kerala,3,hadoop|sql|kafka
U_0642,STUDENT,2025-09-01T17:20:53+05:30,Karnataka,3,dbt|azure|python|tableau
U_0643,STUDENT,2025-12-09T20:14:05-08:00,Karnataka,1,azure|hadoop|delta|tableau|sql|python
U_0644,MENTOR,2025-10-12T03:10:16-08:00,,,sql|delta|hadoop|python|spark|numpy
U_0645,STUDENT,2025-12-21T15:24:31+05:30,Tamil Nadu,3,pyspark|tableau
U_0646,STUDENT,2025-06-13T15:08:50-08:00,Delhi,2,aws|numpy|pyspark|snowflake
U_0647,STUDENT,2026-02-25T15:59:50+00:00,Delhi,1,airflow|numpy|spark|sql|hadoop|dbt
U_0648,HR,2026-02-13T17:39:10-08:00,Tamil Nadu,,delta|sql|hadoop|snowflake|aws
U_0649,HR,2025-08-25T03:37:54+00:00,Maharashtra,,spark|python|snowflake|tableau|sql
U_0650,MENTOR,2025-09-01T10:01:50+00:00,Kerala,,kafka|hadoop|iceberg
U_0651,STUDENT,2025-11-10T23:35:23+05:30,Rajasthan,3,airflow|dbt
U_0652,STUDENT,2026-03-16T19:34:59-08:00,Telangana,2,python|delta|kafka|sql|iceberg
U_0653,INSTITUTION,2025-08-22T15:14:20+00:00,Punjab,,delta|azure|kafka|hadoop|python|pyspark
U_0654,STUDENT,2026-02-21T01:11:35-08:00,Kerala,2,airflow|sql|snowflake
U_0655,STUDENT,2025-12-30T07:00:22+05:30,Gujarat,3,sql|pyspark|tableau|azure|iceberg
U_0656,STUDENT,2025-06-18T22:41:02+05:30,Karnataka,1,azure|numpy|gcp
U_0657,STUDENT,2025-07-31T03:16:38+00:00,Karnataka,2,pyspark|delta|gcp
U_0658,ORG,2025-11-25T03:47:05+05:30,Rajasthan,,sql|gcp|hadoop|pyspark|pandas
U_0659,STUDENT,2025-11-20T13:49:12+00:00,Delhi,3,iceberg|kafka|numpy|spark
U_0660,STUDENT,2025-09-11T03:39:01+05:30,Karnataka,2,gcp|airflow|numpy|pyspark|hadoop
U_0661,STUDENT,2025-06-17T08:53:21-08:00,Tamil Nadu,3,delta|spark|gcp|dbt|iceberg|tableau
U_0662,ORG,2026-01-25T22:36:32-08:00,Kerala,,python|gcp|delta|pyspark
U_0663,STUDENT,2025-09-06T22:58:33+05:30,Rajasthan,1,python|gcp|sql|tableau|delta|scala
U_0664,HR,2026-04-06T22:38:02+00:00,Kerala,,azure|dbt
U_0665,STUDENT,2025-09-15T02:31:28+05:30,West Bengal,1,scala|pandas|delta
U_0666,STUDENT,2026-03-15T18:20:23+05:30,Telangana,1,python|azure|snowflake|aws|spark
U_0667,ORG,2025-11-13T13:46:03+05:30,Gujarat,,python|spark|aws|azure|scala
U_0668,STUDENT,2026-04-07T07:04:55+00:00,Telangana,3,tableau|kafka|spark|pandas|airflow|scala
U_0669,INSTITUTION,2025-10-02T02:18:30-08:00,Maharashtra,,aws|scala
U_0670,STUDENT,2026-04-04T03:01:25+00:00,Punjab,3,tableau|kafka
U_0671,STUDENT,2025-12-10T22:13:45+05:30,Kerala,3,kafka|delta|numpy|airflow|hadoop|iceberg
U_0672,STUDENT,2026-01-02T08:49:06+05:30,Gujarat,2,snowflake|tableau|pyspark|delta|scala
U_0673,STUDENT,2025-06-03T10:54:36-08:00,Kerala,3,spark|kafka|azure|sql
U_0674,STUDENT,2025-05-06T06:32:17+05:30,Karnataka,1,iceberg|pyspark|hadoop
U_0675,STUDENT,2025-05-15T04:28:23+05:30,Maharashtra,2,tableau|hadoop|dbt|airflow|kafka
U_0676,STUDENT,2025-08-12T15:06:20+05:30,Karnataka,1,snowflake|numpy|gcp
U_0677,STUDENT,2025-08-08T07:52:09-08:00,Kerala,3,tableau|azure|snowflake|hadoop|pandas|spark
U_0678,ORG,2025-12-21T23:15:35+05:30,Delhi,,scala|pandas|sql|spark|airflow
U_0679,STUDENT,2026-02-14T09:23:02-08:00,Punjab,2,airflow|hadoop|tableau
U_0680,STUDENT,2026-04-04T00:26:27+00:00,Kerala,2,airflow|kafka|sql|numpy
U_0681,STUDENT,2025-12-07T11:06:49+05:30,Punjab,1,pandas|pyspark|python|kafka|delta|aws
U_0682,STUDENT,2025-10-24T02:45:04+00:00,Punjab,3,pandas|dbt|tableau|aws
U_0683,INSTITUTION,2025-09-09T04:28:17-08:00,Rajasthan,,numpy|pyspark|dbt|azure|python
U_0684,STUDENT,2025-09-18T00:40:51+05:30,West Bengal,3,azure|scala|spark
U_0685,STUDENT,2025-08-26T19:37:12-08:00,Punjab,1,kafka|python|spark|iceberg
U_0686,HR,2025-07-31T01:18:43-08:00,Punjab,,kafka|dbt|numpy|pandas|azure
U_0687,STUDENT,2026-03-29T05:35:55-08:00,Tamil Nadu,3,scala|aws|tableau|python|hadoop
U_0688,STUDENT,2025-12-21T08:26:12+00:00,Karnataka,1,gcp|azure|pandas|spark|aws
U_0689,MENTOR,2025-05-06T08:36:35+00:00,West Bengal,,spark|hadoop|kafka
U_0690,STUDENT,2025-05-18T02:04:24-08:00,Karnataka,3,spark|python|gcp|numpy|hadoop
U_0691,STUDENT,2025-09-16T03:26:23+00:00,Tamil Nadu,1,aws|pandas|dbt
U_0692,STUDENT,2025-06-03T02:48:28+00:00,Telangana,2,azure|delta|python|aws|dbt|spark
U_0693,STUDENT,2025-08-14T05:35:34-08:00,Telangana,2,dbt|delta|python
U_0694,STUDENT,2026-01-02T08:09:00+00:00,Karnataka,3,dbt|gcp|iceberg|numpy
U_0695,STUDENT,2025-07-24T09:10:01+05:30,Rajasthan,1,airflow|sql|hadoop|tableau
U_0696,STUDENT,2025-07-24T18:08:02+05:30,Maharashtra,2,gcp|scala|sql|hadoop
U_0697,STUDENT,2025-08-14T20:35:13+05:30,Tamil Nadu,1,airflow|numpy|snowflake|gcp|azure|dbt
U_0698,HR,2026-01-04T13:49:09-08:00,Gujarat,,tableau|scala
U_0699,HR,2026-04-14T23:47:07+05:30,Gujarat,,gcp|numpy|airflow|sql|pyspark
U_0700,STUDENT,2026-01-24T03:04:23+05:30,Punjab,3,tableau|pyspark|gcp|delta|sql|dbt
U_0701,HR,2025-04-26T09:11:51+05:30,Telangana,,hadoop|azure|numpy|spark
U_0702,MENTOR,2026-04-08T19:56:31-08:00,Delhi,,hadoop|delta|pandas
U_0703,STUDENT,2026-02-28T10:16:41+05:30,Karnataka,1,dbt|gcp
U_0704,STUDENT,2026-03-09T03:04:09+05:30,Punjab,3,dbt|pyspark
U_0705,INSTITUTION,2026-04-03T04:35:14+05:30,Maharashtra,,pyspark|kafka
U_0706,STUDENT,2026-02-01T07:38:14+05:30,Maharashtra,1,iceberg|scala|snowflake
U_0707,STUDENT,2025-10-07T13:44:57-08:00,Punjab,3,pyspark|python
U_0708,STUDENT,2025-07-16T00:09:08+05:30,Tamil Nadu,3,pyspark|kafka
U_0709,INSTITUTION,2025-05-24T09:20:20-08:00,Rajasthan,,azure|pyspark|airflow
U_0710,HR,2025-11-23T13:43:53+00:00,Delhi,,pyspark|numpy|tableau|delta|sql
U_0711,STUDENT,2025-10-09T10:39:36+00:00,Punjab,3,spark|numpy
U_0712,STUDENT,2025-11-21T13:34:49+00:00,Telangana,3,delta|gcp|pandas|snowflake|kafka
U_0713,STUDENT,2026-03-23T23:11:45+00:00,Gujarat,1,dbt|pyspark
U_0714,STUDENT,2025-09-29T00:26:01-08:00,Karnataka,1,aws|pyspark|airflow|sql|dbt
U_0715,INSTITUTION,2025-12-09T11:43:28+05:30,West Bengal,,delta|gcp
U_0716,MENTOR,2026-01-01T20:01:16-08:00,Rajasthan,,aws|scala|dbt|numpy
U_0717,STUDENT,2025-11-13T22:18:45+00:00,Tamil Nadu,2,pyspark|iceberg
U_0718,STUDENT,2026-01-20T08:35:06-08:00,Maharashtra,1,spark|dbt
U_0719,STUDENT,2026-02-09T10:42:26+00:00,Gujarat,1,pyspark|spark|dbt|aws
U_0720,STUDENT,2025-12-26T23:47:43-08:00,Punjab,2,numpy|python|sql|kafka|dbt|azure
U_0721,STUDENT,2025-05-23T18:38:08+00:00,Maharashtra,1,tableau|pandas|airflow
U_0722,STUDENT,2026-02-26T18:28:44+00:00,Kerala,1,dbt|tableau|snowflake|iceberg|gcp|spark
U_0723,STUDENT,2025-11-19T00:01:45+00:00,West Bengal,3,pandas|numpy|sql|python
U_0724,STUDENT,2026-03-01T05:06:27+00:00,Rajasthan,1,aws|pyspark|gcp|airflow
U_0725,INSTITUTION,2025-11-11T00:32:17+00:00,Delhi,,delta|pandas|spark
U_0726,INSTITUTION,2026-03-25T13:29:37+00:00,Tamil Nadu,,tableau|numpy
U_0727,STUDENT,2025-08-07T13:09:36+00:00,West Bengal,2,dbt|python
U_0728,INSTITUTION,2025-11-24T07:13:50-08:00,Rajasthan,,dbt|pyspark
U_0729,STUDENT,2026-01-30T00:47:44+00:00,Gujarat,1,pandas|scala|gcp|pyspark|delta|numpy
U_0730,HR,2025-06-18T07:14:02+05:30,Punjab,,pandas|iceberg|sql
U_0731,STUDENT,2025-09-09T06:23:59+00:00,Rajasthan,3,pyspark|numpy
U_0732,STUDENT,2025-09-12T00:30:21-08:00,Delhi,2,pandas|snowflake
U_0733,HR,2025-11-02T20:58:55-08:00,Delhi,,aws|iceberg|azure|numpy|tableau
U_0734,STUDENT,2025-05-12T21:26:56+05:30,Punjab,1,dbt|kafka|azure|hadoop|numpy|iceberg
U_0735,HR,2025-05-23T19:33:52+00:00,Maharashtra,,kafka|scala|azure|spark|pyspark|dbt
U_0736,MENTOR,2025-06-26T16:44:33+00:00,West Bengal,,spark|kafka|gcp|hadoop
U_0737,HR,2025-08-12T02:26:46+05:30,Rajasthan,,aws|delta|pyspark
U_0738,STUDENT,2026-04-09T05:46:43+05:30,Telangana,2,tableau|gcp|snowflake|numpy|python
U_0739,STUDENT,2026-01-04T02:08:25+05:30,,2,airflow|sql|dbt|aws|python|gcp
U_0740,ORG,2026-03-18T09:43:12+00:00,Karnataka,,scala|spark|aws|gcp|tableau
U_0741,HR,2026-01-18T07:56:14+05:30,Punjab,,snowflake|tableau
U_0742,STUDENT,2025-05-11T11:15:29+05:30,Karnataka,2,aws|delta|gcp|pyspark
U_0743,STUDENT,2026-02-10T23:26:39+05:30,Kerala,2,sql|dbt|scala|snowflake
U_0744,INSTITUTION,2025-12-18T02:06:00-08:00,Delhi,,hadoop|scala|dbt|snowflake
U_0745,STUDENT,2025-12-21T07:38:04+05:30,Rajasthan,1,delta|iceberg
U_0746,STUDENT,2025-12-20T21:24:32-08:00,Gujarat,3,tableau|delta
U_0747,ORG,2025-11-20T03:11:16+05:30,West Bengal,,pandas|spark|delta|hadoop
U_0748,STUDENT,2025-05-09T06:17:57+05:30,Gujarat,3,sql|iceberg|spark|gcp|aws
U_0749,INSTITUTION,2025-10-19T01:06:40-08:00,Gujarat,,pyspark|airflow|iceberg|dbt|sql
U_0750,STUDENT,2025-08-29T03:52:22-08:00,Gujarat,2,sql|airflow
U_0751,STUDENT,2025-06-16T19:09:57-08:00,West Bengal,1,numpy|spark|pyspark|snowflake
U_0752,STUDENT,2025-07-16T21:06:08-08:00,Rajasthan,3,numpy|azure|dbt|gcp|scala
U_0753,STUDENT,2026-02-11T15:03:30-08:00,Gujarat,2,spark|gcp|scala
U_0754,STUDENT,2025-05-14T15:27:11+00:00,Rajasthan,1,python|delta
U_0755,INSTITUTION,2025-10-22T09:53:16+05:30,Tamil Nadu,,aws|gcp
U_0756,STUDENT,2026-02-21T00:52:41+05:30,Tamil Nadu,3,python|snowflake
U_0757,STUDENT,2025-04-27T17:04:51+00:00,Kerala,1,kafka|tableau|iceberg
U_0758,STUDENT,2025-10-10T02:01:09+00:00,Delhi,3,pandas|kafka|gcp
U_0759,STUDENT,2025-06-16T05:42:17+05:30,,2,azure|delta|scala
U_0760,STUDENT,2025-08-11T15:19:39+00:00,Kerala,1,aws|kafka|tableau|scala
U_0761,STUDENT,2025-08-31T01:43:50+00:00,Punjab,1,numpy|delta
U_0762,STUDENT,2025-12-03T09:40:09-08:00,Rajasthan,3,python|iceberg
U_0763,STUDENT,2025-11-23T01:24:13+00:00,Gujarat,1,sql|airflow|iceberg|spark|dbt|delta
U_0764,INSTITUTION,2025-05-14T01:24:34+00:00,Gujarat,,gcp|hadoop|iceberg|sql|airflow|python
U_0765,INSTITUTION,2025-10-08T03:01:12+00:00,West Bengal,,iceberg|tableau|numpy|kafka
U_0766,ORG,2025-12-18T10:55:37-08:00,Tamil Nadu,,azure|sql|kafka|spark|python|pyspark
U_0767,STUDENT,2025-10-19T08:58:32+00:00,Kerala,2,dbt|sql
U_0768,STUDENT,2025-07-18T15:22:10-08:00,Kerala,1,pyspark|scala|spark
U_0769,STUDENT,2025-12-30T15:50:34+05:30,Punjab,2,kafka|python|airflow|tableau|sql|pyspark
U_0770,HR,2025-07-31T02:45:20+05:30,Maharashtra,,pyspark|aws|scala|pandas
U_0771,INSTITUTION,2026-03-09T19:21:25+00:00,Karnataka,,dbt|azure|iceberg|pandas|numpy
U_0772,STUDENT,2026-04-02T23:18:59-08:00,Kerala,2,hadoop|kafka|sql|aws|numpy|tableau
U_0773,STUDENT,2026-03-29T10:22:34-08:00,Rajasthan,2,aws|iceberg
U_0774,STUDENT,2025-06-24T14:54:04+00:00,Delhi,1,aws|pandas|hadoop|sql|dbt
U_0775,STUDENT,2025-11-03T02:07:39-08:00,Telangana,3,hadoop|scala|pyspark|gcp|airflow|iceberg
U_0776,STUDENT,2025-10-29T00:10:33+00:00,Rajasthan,3,spark|gcp|scala|pandas|tableau
U_0777,STUDENT,2025-11-05T13:13:59+05:30,Gujarat,2,hadoop|dbt|spark
U_0778,STUDENT,2025-11-01T03:33:04+05:30,Kerala,2,hadoop|pandas|delta
U_0779,STUDENT,2025-12-26T05:54:42-08:00,Karnataka,1,pyspark|snowflake|gcp|kafka|sql|delta
U_0780,STUDENT,2025-09-11T05:23:57+00:00,Rajasthan,1,python|pyspark|azure|spark|aws|dbt
U_0781,HR,2026-04-02T10:09:30+05:30,Telangana,,azure|tableau|iceberg|airflow
U_0782,INSTITUTION,2025-05-16T14:28:40+05:30,Karnataka,,iceberg|pyspark|gcp|tableau|python|dbt
U_0783,STUDENT,2026-04-14T19:59:32+05:30,Kerala,3,dbt|pandas|scala|tableau|numpy
U_0784,INSTITUTION,2025-07-31T19:35:27+00:00,Karnataka,,hadoop|python|kafka
U_0785,STUDENT,2026-04-13T19:56:20-08:00,Maharashtra,1,hadoop|delta|gcp|dbt|numpy
U_0786,ORG,2025-09-22T20:02:49+05:30,Kerala,,dbt|gcp|python
U_0787,STUDENT,2025-05-04T12:52:46+05:30,Kerala,2,python|azure|delta|pyspark|hadoop
U_0788,STUDENT,2025-05-31T04:03:42+00:00,Maharashtra,1,gcp|dbt|pandas|python|delta
U_0789,STUDENT,2025-10-02T15:10:41-08:00,Kerala,1,snowflake|python
U_0790,STUDENT,2025-12-18T08:03:48-08:00,West Bengal,2,dbt|scala
U_0791,STUDENT,2025-11-01T14:02:30+05:30,Delhi,2,azure|delta|snowflake|pandas
U_0792,INSTITUTION,2025-12-09T06:51:54-08:00,Kerala,,pandas|aws|gcp
U_0793,HR,2025-08-01T14:11:08-08:00,Kerala,,kafka|pandas|spark
U_0794,STUDENT,2026-02-28T20:43:59+05:30,Rajasthan,2,gcp|dbt
U_0795,STUDENT,2026-01-28T15:56:37-08:00,Maharashtra,2,scala|airflow|snowflake|gcp
U_0796,ORG,2025-10-06T11:14:12+05:30,Gujarat,,pyspark|delta|tableau|iceberg|dbt
U_0797,STUDENT,2025-12-08T19:56:55+00:00,Punjab,2,snowflake|pyspark|sql
U_0798,INSTITUTION,2025-10-31T23:09:34+00:00,Karnataka,,pyspark|sql
U_0799,STUDENT,2026-02-14T03:00:57-08:00,Delhi,2,pandas|azure|dbt
U_0800,MENTOR,2026-03-12T10:30:39+05:30,Gujarat,,pyspark|kafka|azure
U_0801,INSTITUTION,2025-06-25T06:21:24+05:30,Kerala,,pandas|snowflake|airflow|sql
U_0802,STUDENT,2025-07-16T05:51:19+00:00,Delhi,1,gcp|delta|hadoop|aws|kafka|tableau
U_0803,INSTITUTION,2025-05-06T05:25:31+00:00,Punjab,,python|azure|hadoop|aws
U_0804,STUDENT,2025-06-10T21:14:05-08:00,Karnataka,2,aws|airflow|gcp|python
U_0805,STUDENT,2026-04-05T14:15:41-08:00,Tamil Nadu,3,snowflake|pandas
U_0806,STUDENT,2025-05-10T23:54:20-08:00,Telangana,3,scala|python|iceberg|azure
U_0807,STUDENT,2025-04-27T12:46:44+05:30,Kerala,3,tableau|azure|scala
U_0808,ORG,2025-06-20T11:18:15-08:00,Delhi,,spark|sql|numpy|kafka
U_0809,MENTOR,2025-07-06T14:12:49+05:30,Punjab,,kafka|spark|pandas|iceberg
U_0810,STUDENT,2025-08-16T02:58:54+05:30,,3,iceberg|delta|pandas|scala|kafka|tableau
U_0811,STUDENT,2026-03-27T17:15:55+00:00,Punjab,2,sql|pyspark
U_0812,STUDENT,2025-09-09T16:31:00-08:00,,2,tableau|delta|scala
U_0813,STUDENT,2025-08-03T23:49:59-08:00,Tamil Nadu,3,snowflake|delta|pyspark|airflow|iceberg
U_0814,STUDENT,2025-06-04T10:33:00+00:00,Tamil Nadu,3,gcp|spark|snowflake|python|kafka
U_0815,ORG,2025-10-17T00:59:59+05:30,Gujarat,,aws|snowflake|tableau|gcp|hadoop|pandas
U_0816,STUDENT,2025-11-06T13:25:09+00:00,Kerala,3,airflow|hadoop|snowflake|delta|scala
U_0817,STUDENT,2025-07-20T09:21:15-08:00,Karnataka,3,azure|dbt|sql
U_0818,MENTOR,2025-09-14T21:29:37+00:00,Karnataka,,gcp|pyspark|snowflake|airflow|pandas|hadoop
U_0819,STUDENT,2026-02-19T11:05:55+05:30,Gujarat,2,dbt|python|hadoop|spark
U_0820,HR,2025-11-07T04:56:25+05:30,Telangana,,kafka|airflow|dbt|python
U_0821,STUDENT,2025-12-05T14:21:23+05:30,West Bengal,2,pandas|azure|numpy|aws|kafka|delta
U_0822,HR,2025-05-31T05:30:25-08:00,Tamil Nadu,,azure|tableau|snowflake|spark|gcp|scala
U_0823,STUDENT,2025-06-13T09:12:56-08:00,West Bengal,2,aws|numpy|sql
U_0824,INSTITUTION,2025-05-09T08:11:48+00:00,Karnataka,,python|pandas|pyspark
U_0825,STUDENT,2026-03-17T22:19:32+05:30,Punjab,3,snowflake|kafka
U_0826,HR,2025-10-06T19:04:01+05:30,Punjab,,python|iceberg|kafka
U_0827,STUDENT,2025-07-19T23:09:59-08:00,Punjab,3,aws|sql|dbt|gcp
U_0828,INSTITUTION,2025-12-08T23:22:31+00:00,Maharashtra,,numpy|aws|iceberg|sql|azure|gcp
U_0829,STUDENT,2025-12-30T04:19:45+05:30,Karnataka,1,gcp|airflow|sql|pandas
U_0830,INSTITUTION,2026-02-08T12:41:26+05:30,Telangana,,pyspark|numpy|hadoop|kafka|airflow
U_0831,STUDENT,2025-06-02T12:53:28+05:30,Delhi,3,delta|dbt|aws|sql|hadoop|python
U_0832,STUDENT,2025-09-17T04:32:17+00:00,Maharashtra,2,python|iceberg|pyspark
U_0833,STUDENT,2025-09-16T13:45:07-08:00,Telangana,3,azure|spark|kafka|aws|snowflake
U_0834,STUDENT,2026-02-13T16:22:17+05:30,West Bengal,3,sql|python|azure|gcp|pandas
U_0835,STUDENT,2026-02-13T23:53:23+05:30,Kerala,2,iceberg|aws|scala|gcp|numpy|pyspark
U_0836,STUDENT,2025-10-03T19:23:40+00:00,Punjab,3,pandas|spark
U_0837,STUDENT,2026-03-03T05:46:18+05:30,Telangana,2,snowflake|numpy|tableau
U_0838,STUDENT,2025-07-01T16:23:01-08:00,Delhi,3,numpy|kafka|azure|pandas
U_0839,STUDENT,2025-04-30T00:43:58-08:00,Maharashtra,3,python|tableau|airflow|kafka|iceberg
U_0840,ORG,2025-07-20T20:46:19+00:00,Punjab,,spark|python
U_0841,ORG,2025-06-07T01:48:05-08:00,Karnataka,,aws|scala|tableau|spark
U_0842,HR,2025-06-08T16:49:34-08:00,Karnataka,,scala|kafka|azure|python|pyspark
U_0843,MENTOR,2025-06-29T11:00:15+00:00,Gujarat,,spark|pandas|delta
U_0844,STUDENT,2025-10-10T05:22:11+00:00,Kerala,3,kafka|python|tableau|gcp|numpy|dbt
U_0845,STUDENT,2026-01-02T06:56:01-08:00,Tamil Nadu,3,airflow|spark|hadoop
U_0846,MENTOR,2026-03-01T12:15:29+00:00,Delhi,,iceberg|kafka|python|scala|numpy|tableau
U_0847,STUDENT,2025-07-29T15:35:58-08:00,Maharashtra,2,numpy|gcp
U_0848,HR,2025-11-12T23:38:31+00:00,Punjab,,dbt|scala|sql|azure|snowflake
U_0849,STUDENT,2026-01-02T01:28:36+00:00,Gujarat,1,kafka|numpy|spark|azure|pandas
U_0850,HR,2025-07-07T14:31:20+05:30,West Bengal,,delta|kafka
U_0851,STUDENT,2025-12-20T07:04:46+05:30,Karnataka,1,gcp|python|numpy|tableau|hadoop
U_0852,STUDENT,2025-10-18T01:56:49+05:30,Maharashtra,2,delta|spark|azure|aws|sql|numpy
U_0853,STUDENT,2026-03-02T12:32:02+05:30,Maharashtra,2,spark|hadoop|sql|azure
U_0854,HR,2026-03-29T17:19:52+00:00,West Bengal,,pyspark|sql
U_0855,STUDENT,2025-12-26T11:10:36+00:00,Rajasthan,2,python|azure|aws
U_0856,STUDENT,2025-11-04T17:45:56-08:00,Gujarat,3,azure|snowflake
U_0857,STUDENT,2026-02-04T05:56:39+05:30,Rajasthan,3,kafka|hadoop
U_0858,STUDENT,2026-01-10T11:14:26+00:00,Rajasthan,2,delta|hadoop|sql
U_0859,STUDENT,2025-12-19T23:03:16-08:00,Gujarat,2,tableau|hadoop|snowflake|delta|dbt|pandas
U_0860,STUDENT,2025-11-27T18:15:20+05:30,Tamil Nadu,1,snowflake|sql|gcp
U_0861,STUDENT,2026-02-01T04:23:55-08:00,Karnataka,2,dbt|azure|numpy
U_0862,ORG,2025-09-12T03:35:40+00:00,West Bengal,,airflow|pyspark|azure|dbt
U_0863,HR,2026-04-03T14:44:27+00:00,Maharashtra,,delta|azure|kafka
U_0864,STUDENT,2025-07-08T17:09:39+00:00,West Bengal,1,airflow|python|scala|snowflake|sql
U_0865,STUDENT,2025-09-16T13:53:59+05:30,Kerala,1,scala|sql|python|pyspark|azure|hadoop
U_0866,STUDENT,2025-05-11T03:38:23+00:00,Gujarat,3,airflow|kafka|python
U_0867,STUDENT,2026-01-08T07:57:13+05:30,,3,aws|pyspark|numpy
U_0868,INSTITUTION,2025-12-22T12:31:10+00:00,Gujarat,,snowflake|gcp|spark
U_0869,STUDENT,2025-05-12T04:25:28+05:30,Delhi,3,scala|numpy|gcp|snowflake|pyspark
U_0870,INSTITUTION,2025-06-27T15:33:25-08:00,Punjab,,hadoop|numpy|delta|python
U_0871,STUDENT,2026-01-01T05:31:40+05:30,Rajasthan,2,spark|dbt|tableau
U_0872,STUDENT,2025-11-20T06:29:54-08:00,Gujarat,2,azure|airflow|numpy|scala|snowflake|iceberg
U_0873,STUDENT,2025-07-16T01:39:36+00:00,Rajasthan,2,sql|kafka|delta|azure|pyspark|dbt
U_0874,ORG,2025-11-17T05:56:42+05:30,West Bengal,,airflow|scala|iceberg|dbt|sql|spark
U_0875,HR,2025-12-26T09:57:12+00:00,Delhi,,sql|azure|numpy|kafka|delta|gcp
U_0876,STUDENT,2025-11-28T06:32:26+00:00,West Bengal,1,azure|delta|iceberg
U_0877,STUDENT,2025-12-01T13:00:41+05:30,Punjab,3,spark|iceberg|delta|sql|azure|gcp
U_0878,STUDENT,2025-09-19T22:40:06+05:30,Gujarat,2,iceberg|kafka|hadoop|gcp
U_0879,HR,2025-07-06T16:22:07-08:00,Maharashtra,,pandas|scala|aws|kafka
U_0880,HR,2025-06-29T16:44:08-08:00,,,hadoop|aws|delta|pyspark|scala|gcp
U_0881,STUDENT,2026-01-19T05:32:32-08:00,Punjab,2,numpy|spark|tableau|gcp|pyspark
U_0882,STUDENT,2025-07-22T22:42:58+00:00,Kerala,3,scala|hadoop
U_0883,STUDENT,2026-03-01T03:43:55+00:00,Maharashtra,2,numpy|delta|gcp|kafka
U_0884,STUDENT,2025-11-14T08:19:52-08:00,Gujarat,3,sql|hadoop
U_0885,STUDENT,2025-12-12T17:50:32-08:00,Rajasthan,3,aws|tableau|kafka|dbt|sql|iceberg
U_0886,STUDENT,2025-10-17T14:45:06+05:30,Kerala,3,spark|airflow|pyspark|numpy
U_0887,STUDENT,2026-04-07T13:11:14-08:00,Maharashtra,1,spark|aws|pandas
U_0888,STUDENT,2025-12-27T22:42:00-08:00,Kerala,1,snowflake|python|airflow|dbt
U_0889,ORG,2025-11-11T10:29:45+00:00,Karnataka,,tableau|gcp|dbt
U_0890,MENTOR,2025-11-19T22:19:25+05:30,Delhi,,gcp|dbt|airflow|pandas
U_0891,STUDENT,2025-12-20T11:39:59-08:00,Kerala,2,python|hadoop|azure
U_0892,STUDENT,2025-11-15T22:50:33-08:00,Punjab,2,dbt|azure|snowflake|pandas|python|scala
U_0893,STUDENT,2025-08-12T00:03:20+00:00,Telangana,2,airflow|gcp|delta|spark|pandas|scala
U_0894,STUDENT,2025-11-21T14:39:45-08:00,Rajasthan,1,sql|delta|airflow|hadoop|numpy
U_0895,STUDENT,2025-08-04T02:18:26+05:30,Delhi,2,tableau|pyspark|scala|sql|aws
U_0896,STUDENT,2025-06-26T07:20:17+00:00,Tamil Nadu,2,snowflake|sql|azure
U_0897,STUDENT,2025-08-14T21:19:54-08:00,Kerala,2,aws|kafka|tableau|python
U_0898,STUDENT,2026-03-06T11:04:47-08:00,Gujarat,3,dbt|azure|spark|sql|iceberg
U_0899,STUDENT,2025-07-16T20:56:17+00:00,Telangana,1,python|pyspark|airflow
U_0900,STUDENT,2025-09-24T08:39:55-08:00,Karnataka,3,iceberg|hadoop
U_0901,STUDENT,2026-02-09T21:28:37+05:30,Punjab,1,sql|snowflake|pyspark|kafka|scala
U_0902,STUDENT,2026-03-30T15:27:16-08:00,,2,delta|scala|tableau
U_0903,STUDENT,2026-04-13T18:30:40+00:00,,1,kafka|spark|delta|azure
U_0904,STUDENT,2025-05-30T13:38:49-08:00,Tamil Nadu,1,snowflake|pyspark|numpy|airflow|iceberg
U_0905,STUDENT,2025-08-20T09:37:21+05:30,West Bengal,2,delta|kafka
U_0906,STUDENT,2025-12-15T09:59:37+05:30,,3,python|aws|kafka|delta
U_0907,STUDENT,2025-08-07T11:21:09+00:00,Gujarat,1,kafka|gcp
U_0908,STUDENT,2025-08-30T10:08:08+00:00,Karnataka,3,airflow|iceberg|pyspark|pandas|tableau|numpy
U_0909,STUDENT,2025-07-30T17:30:34-08:00,Tamil Nadu,3,dbt|spark|numpy|python
U_0910,STUDENT,2025-09-04T19:03:39+00:00,Delhi,3,python|delta|tableau|pandas|aws|sql
U_0911,STUDENT,2025-07-07T10:08:59+00:00,Rajasthan,1,hadoop|scala
U_0912,STUDENT,2026-01-31T13:06:50+05:30,Maharashtra,1,azure|numpy|hadoop|dbt|airflow|snowflake
U_0913,HR,2026-04-04T14:49:54-08:00,West Bengal,,python|delta|numpy|airflow
U_0914,STUDENT,2025-09-22T13:15:01+05:30,Delhi,3,aws|snowflake|numpy
U_0915,STUDENT,2025-08-18T10:00:06+05:30,Kerala,1,sql|hadoop|kafka
U_0916,STUDENT,2026-02-11T13:13:27-08:00,Delhi,1,spark|gcp|azure|hadoop|tableau|scala
U_0917,STUDENT,2025-11-06T07:52:38+05:30,Telangana,2,azure|kafka|iceberg|gcp|aws|delta
U_0918,STUDENT,2025-12-01T08:27:13+00:00,Kerala,2,snowflake|gcp|hadoop|tableau|aws
U_0919,STUDENT,2025-06-28T02:18:16+00:00,Karnataka,2,tableau|hadoop|airflow|snowflake|kafka|delta
U_0920,STUDENT,2025-12-31T00:08:41+00:00,Kerala,1,hadoop|dbt|kafka|spark
U_0921,INSTITUTION,2026-04-18T09:02:04+05:30,Gujarat,,aws|gcp|tableau|scala|airflow
U_0922,STUDENT,2025-12-21T10:59:43-08:00,Karnataka,2,pyspark|aws
U_0923,INSTITUTION,2026-02-15T22:40:23+05:30,Telangana,,snowflake|dbt|scala|tableau
U_0924,STUDENT,2025-11-21T08:26:05+00:00,Delhi,2,scala|python
U_0925,STUDENT,2025-08-12T09:03:20+05:30,Kerala,3,iceberg|delta|airflow
U_0926,STUDENT,2025-06-24T14:01:07+05:30,West Bengal,2,spark|snowflake|kafka|azure|dbt|tableau
U_0927,HR,2026-01-11T19:04:10-08:00,Punjab,,pandas|gcp|spark|sql|numpy
U_0928,STUDENT,2025-06-14T06:26:42+00:00,Telangana,3,aws|pandas|python
U_0929,INSTITUTION,2025-06-06T22:41:59+00:00,,,gcp|snowflake
U_0930,STUDENT,2025-12-29T00:28:27-08:00,Tamil Nadu,2,hadoop|kafka|dbt
U_0931,STUDENT,2026-03-08T04:30:19+00:00,Delhi,1,sql|airflow|kafka
U_0932,STUDENT,2025-05-04T14:12:13+00:00,Rajasthan,1,spark|pandas|tableau
U_0933,STUDENT,2026-01-02T12:23:22+05:30,Rajasthan,1,dbt|pyspark|python|tableau|hadoop
U_0934,HR,2026-04-17T04:38:34-08:00,Maharashtra,,kafka|snowflake
U_0935,HR,2025-11-25T02:32:28-08:00,Telangana,,dbt|numpy|gcp|airflow|azure
U_0936,STUDENT,2025-12-07T18:17:12+00:00,Gujarat,3,aws|sql|scala|gcp|airflow
U_0937,HR,2026-04-18T19:14:56+00:00,West Bengal,,python|pyspark|iceberg
U_0938,INSTITUTION,2025-07-02T04:04:27+05:30,Rajasthan,,snowflake|gcp|kafka|python|numpy
U_0939,INSTITUTION,2025-06-08T09:50:30+00:00,,,sql|numpy|azure|pyspark
U_0940,STUDENT,2025-11-15T14:11:25-08:00,Karnataka,2,dbt|pyspark|aws|hadoop|pandas
U_0941,STUDENT,2026-02-23T09:38:20-08:00,Punjab,1,dbt|spark|pandas
U_0942,HR,2025-09-18T21:18:38+00:00,Kerala,,dbt|delta
U_0943,STUDENT,2026-02-12T19:26:58-08:00,Karnataka,2,airflow|numpy
U_0944,INSTITUTION,2025-06-26T09:29:03+00:00,Telangana,,pyspark|hadoop|dbt|sql|aws
U_0945,STUDENT,2025-05-16T08:55:29+05:30,Rajasthan,1,aws|tableau|gcp|snowflake
U_0946,STUDENT,2026-01-09T09:04:10+05:30,Karnataka,1,kafka|pyspark|scala|spark
U_0947,ORG,2025-11-23T08:19:30-08:00,Telangana,,tableau|kafka
U_0948,HR,2025-11-06T10:50:38+00:00,Tamil Nadu,,delta|pyspark|aws|python|iceberg|tableau
U_0949,STUDENT,2025-06-07T00:56:59+00:00,Kerala,3,hadoop|pandas|tableau|scala|numpy
U_0950,HR,2025-06-02T12:47:56-08:00,Gujarat,,snowflake|pyspark|iceberg|gcp
U_0951,MENTOR,2025-10-16T06:04:55-08:00,Kerala,,aws|sql|numpy|spark
U_0952,HR,2026-01-28T04:56:38-08:00,Delhi,,airflow|dbt
U_0953,MENTOR,2025-12-24T20:10:10-08:00,Tamil Nadu,,tableau|aws
U_0954,STUDENT,2025-07-30T17:31:35+00:00,West Bengal,2,snowflake|pandas
U_0955,STUDENT,2025-04-26T12:25:19+05:30,Punjab,2,hadoop|numpy
U_0956,HR,2025-09-06T14:25:56+05:30,Telangana,,airflow|hadoop|azure|scala|delta
U_0957,STUDENT,2026-02-22T18:09:11+05:30,Delhi,3,scala|pyspark
U_0958,STUDENT,2025-05-21T14:50:44+05:30,West Bengal,3,sql|pyspark|scala
U_0959,INSTITUTION,2026-02-09T05:42:01+05:30,Punjab,,gcp|hadoop|aws|pyspark
U_0960,STUDENT,2026-01-16T11:03:54+00:00,Rajasthan,1,spark|azure|aws|hadoop|numpy
U_0961,STUDENT,2025-11-28T08:18:04+05:30,Karnataka,1,snowflake|delta|python|pandas|azure
U_0962,INSTITUTION,2025-10-15T18:45:05+00:00,Karnataka,,airflow|aws|dbt|numpy|scala|kafka
U_0963,STUDENT,2026-03-02T08:42:43+05:30,Punjab,1,python|aws|dbt|sql|iceberg
U_0964,HR,2025-09-22T16:19:33-08:00,Karnataka,,pyspark|airflow|snowflake
U_0965,STUDENT,2025-10-28T07:29:15+00:00,Tamil Nadu,3,airflow|spark|iceberg
U_0966,ORG,2026-04-06T09:43:38+05:30,Punjab,,scala|airflow|gcp|numpy
U_0967,STUDENT,2025-12-24T06:12:19+05:30,Punjab,2,azure|hadoop|dbt|scala|airflow|iceberg
U_0968,INSTITUTION,2025-12-04T06:01:50-08:00,Delhi,,sql|delta
U_0969,STUDENT,2026-02-23T23:33:54+00:00,Delhi,1,tableau|kafka|scala|hadoop|spark|dbt
U_0970,STUDENT,2026-03-22T02:55:04-08:00,West Bengal,3,aws|azure|spark
U_0971,INSTITUTION,2025-07-31T06:19:26+00:00,Tamil Nadu,,kafka|spark|iceberg|numpy|scala|azure
U_0972,STUDENT,2025-11-26T11:22:58-08:00,Punjab,3,gcp|hadoop|numpy
U_0973,INSTITUTION,2025-11-02T14:18:08+00:00,,,delta|spark|iceberg|sql|dbt|azure
U_0974,STUDENT,2025-11-13T00:31:26+05:30,Karnataka,2,iceberg|hadoop|delta|snowflake
U_0975,STUDENT,2025-11-24T12:39:06+05:30,Karnataka,1,snowflake|pandas|dbt
U_0976,STUDENT,2025-12-05T12:00:52-08:00,Telangana,3,pyspark|sql|airflow|dbt
U_0977,INSTITUTION,2025-11-19T17:00:24+05:30,Punjab,,aws|dbt|hadoop|snowflake|python|numpy
U_0978,STUDENT,2026-02-18T14:42:59-08:00,West Bengal,3,sql|scala|delta|numpy
U_0979,STUDENT,2025-07-19T12:16:12+00:00,Gujarat,2,pandas|iceberg|gcp|snowflake|scala|pyspark
U_0980,STUDENT,2025-05-21T19:35:33+05:30,West Bengal,2,spark|tableau
U_0981,MENTOR,2026-03-14T15:16:18+05:30,Karnataka,,tableau|dbt|python|kafka
U_0982,STUDENT,2025-04-22T21:00:58-08:00,Kerala,3,pyspark|aws|python|pandas|tableau|scala
U_0983,STUDENT,2025-11-05T22:54:35-08:00,Gujarat,1,sql|azure|airflow|numpy|aws|iceberg
U_0984,INSTITUTION,2026-02-11T02:36:49+05:30,Tamil Nadu,,scala|sql|gcp|delta|kafka|spark
U_0985,STUDENT,2026-03-07T00:35:14+00:00,Delhi,3,pandas|tableau
U_0986,STUDENT,2026-01-07T04:20:38+05:30,,3,aws|kafka|pandas|azure|numpy|iceberg
U_0987,HR,2026-04-06T05:46:36+00:00,Kerala,,scala|python
U_0988,STUDENT,2025-12-13T09:40:31+00:00,Maharashtra,2,aws|scala|python
U_0989,STUDENT,2025-10-10T21:47:52+05:30,Punjab,1,pyspark|dbt|python|spark|aws
U_0990,STUDENT,2026-01-22T04:38:23+00:00,Telangana,2,airflow|iceberg|pyspark|delta|numpy
U_0991,HR,2026-02-16T03:35:42+05:30,West Bengal,,scala|kafka
U_0992,STUDENT,2025-12-30T08:32:31+05:30,West Bengal,3,sql|airflow|kafka|delta
U_0993,INSTITUTION,2026-01-06T18:34:05+05:30,Punjab,,hadoop|numpy|aws|iceberg|scala
U_0994,INSTITUTION,2025-05-27T14:05:03+00:00,Karnataka,,hadoop|tableau
U_0995,STUDENT,2026-04-14T16:46:58-08:00,Gujarat,2,python|gcp|dbt|hadoop|azure|delta
U_0996,STUDENT,2025-11-04T09:52:42+05:30,Punjab,1,iceberg|pyspark|tableau
U_0997,INSTITUTION,2026-01-13T22:29:25-08:00,Delhi,,pyspark|snowflake|airflow|tableau|gcp
U_0998,STUDENT,2025-08-16T14:14:39+05:30,Tamil Nadu,2,iceberg|kafka
U_0999,INSTITUTION,2025-11-05T10:34:06+05:30,Karnataka,,aws|gcp
U_1000,STUDENT,2025-07-22T02:02:48-08:00,Delhi,2,dbt|sql|gcp|numpy|python
